,Date,Open,High,Low,Close      Close price adjusted for splits.,Adj Close      Adjusted close price adjusted for splits and dividend and/or capital gain distributions.,Volume
0,"Sep 20, 2024",117.06,118.62,115.39,116.00,116.00,"382,008,700"
1,"Sep 19, 2024",117.35,119.66,117.25,117.87,117.87,"293,506,400"
2,"Sep 18, 2024",115.89,117.70,113.22,113.37,113.37,"310,318,900"
3,"Sep 17, 2024",118.17,118.80,114.83,115.59,115.59,"231,925,900"
4,"Sep 16, 2024",116.79,118.18,114.36,116.78,116.78,"248,772,300"
5,"Sep 13, 2024",119.08,119.96,117.60,119.10,119.10,"238,358,300"
6,"Sep 12, 2024",0.01 Dividend,,,,,
7,"Sep 12, 2024",116.84,120.79,115.38,119.14,119.14,"367,100,500"
8,"Sep 11, 2024",109.39,117.19,107.42,116.91,116.90,"441,422,400"
9,"Sep 10, 2024",107.81,109.40,104.95,108.10,108.09,"268,283,700"
10,"Sep 9, 2024",104.88,106.55,103.69,106.47,106.46,"273,912,000"
11,"Sep 6, 2024",108.04,108.15,100.95,102.83,102.82,"413,638,100"
12,"Sep 5, 2024",104.99,109.65,104.76,107.21,107.20,"306,850,700"
13,"Sep 4, 2024",105.41,113.27,104.12,106.21,106.20,"372,470,300"
14,"Sep 3, 2024",116.01,116.21,107.29,108.00,107.99,"477,155,100"
15,"Aug 30, 2024",119.53,121.75,117.22,119.37,119.36,"333,751,600"
16,"Aug 29, 2024",121.36,124.43,116.71,117.59,117.58,"453,023,300"
17,"Aug 28, 2024",128.12,128.33,122.64,125.61,125.60,"448,101,100"
18,"Aug 27, 2024",125.05,129.20,123.88,128.30,128.29,"303,134,600"
19,"Aug 26, 2024",129.57,131.26,124.37,126.46,126.45,"331,964,700"
20,"Aug 23, 2024",125.86,129.60,125.22,129.37,129.36,"323,230,300"
21,"Aug 22, 2024",130.02,130.75,123.10,123.74,123.73,"376,189,100"
22,"Aug 21, 2024",127.32,129.35,126.66,128.50,128.49,"257,883,600"
23,"Aug 20, 2024",128.40,129.88,125.89,127.25,127.24,"300,087,400"
24,"Aug 19, 2024",124.28,130.00,123.42,130.00,129.99,"318,333,600"
25,"Aug 16, 2024",121.94,125.00,121.18,124.58,124.57,"302,589,900"
26,"Aug 15, 2024",118.76,123.24,117.47,122.86,122.85,"318,086,700"
27,"Aug 14, 2024",118.53,118.60,114.07,118.08,118.07,"339,246,400"
28,"Aug 13, 2024",112.44,116.23,111.58,116.14,116.13,"312,646,700"
29,"Aug 12, 2024",106.32,111.07,106.26,109.02,109.01,"325,559,900"
30,"Aug 9, 2024",105.64,106.60,103.43,104.75,104.74,"290,844,200"
31,"Aug 8, 2024",102.00,105.50,97.52,104.97,104.96,"391,910,000"
32,"Aug 7, 2024",107.81,108.80,98.69,98.91,98.90,"411,440,400"
33,"Aug 6, 2024",103.84,107.71,100.55,104.25,104.24,"409,012,100"
34,"Aug 5, 2024",92.06,103.41,90.69,100.45,100.44,"552,842,400"
35,"Aug 2, 2024",103.76,108.72,101.37,107.27,107.26,"482,027,500"
36,"Aug 1, 2024",117.53,120.16,106.81,109.21,109.20,"523,462,300"
37,"Jul 31, 2024",112.90,118.34,110.88,117.02,117.01,"473,174,200"
38,"Jul 30, 2024",111.52,111.99,102.54,103.73,103.72,"486,833,300"
39,"Jul 29, 2024",113.69,116.28,111.30,111.59,111.58,"248,152,100"
40,"Jul 26, 2024",116.19,116.20,111.58,113.06,113.05,"293,399,100"
41,"Jul 25, 2024",113.04,116.63,106.30,112.28,112.27,"460,067,000"
42,"Jul 24, 2024",119.17,119.95,113.44,114.25,114.24,"327,776,900"
43,"Jul 23, 2024",122.78,124.69,122.10,122.59,122.58,"173,911,000"
44,"Jul 22, 2024",120.35,124.07,119.86,123.54,123.53,"258,068,900"
45,"Jul 19, 2024",120.35,121.60,117.37,117.93,117.92,"217,223,800"
46,"Jul 18, 2024",121.85,122.40,116.56,121.09,121.08,"320,979,500"
47,"Jul 17, 2024",121.35,121.85,116.72,117.99,117.98,"390,086,200"
48,"Jul 16, 2024",128.44,129.04,124.58,126.36,126.35,"214,769,500"
49,"Jul 15, 2024",130.56,131.39,127.18,128.44,128.43,"208,326,200"
50,"Jul 12, 2024",128.26,131.92,127.22,129.24,129.23,"252,680,500"
51,"Jul 11, 2024",135.75,136.15,127.05,127.40,127.39,"374,782,700"
52,"Jul 10, 2024",134.03,135.10,132.42,134.91,134.90,"248,978,600"
53,"Jul 9, 2024",130.35,133.82,128.65,131.38,131.37,"285,366,600"
54,"Jul 8, 2024",127.49,130.77,127.04,128.20,128.19,"237,677,300"
55,"Jul 5, 2024",127.38,128.85,125.68,125.83,125.82,"214,176,700"
56,"Jul 3, 2024",121.66,128.28,121.36,128.28,128.27,"215,749,000"
57,"Jul 2, 2024",121.13,123.41,121.03,122.67,122.66,"218,374,000"
58,"Jul 1, 2024",123.47,124.84,118.83,124.30,124.29,"284,885,500"
59,"Jun 28, 2024",124.58,127.71,122.75,123.54,123.53,"315,516,700"
60,"Jun 27, 2024",124.10,126.41,122.92,123.99,123.98,"252,571,700"
61,"Jun 26, 2024",126.13,128.12,122.60,126.40,126.39,"362,975,900"
62,"Jun 25, 2024",121.20,126.50,119.32,126.09,126.08,"425,787,500"
63,"Jun 24, 2024",123.24,124.46,118.04,118.11,118.10,"476,060,900"
64,"Jun 21, 2024",127.12,130.63,124.30,126.57,126.56,"655,484,700"
65,"Jun 20, 2024",139.80,140.76,129.52,130.78,130.77,"517,768,400"
66,"Jun 18, 2024",131.14,136.33,130.69,135.58,135.57,"294,335,100"
67,"Jun 17, 2024",132.99,133.73,129.58,130.98,130.97,"288,504,400"
68,"Jun 14, 2024",129.96,132.84,128.32,131.88,131.87,"309,320,400"
69,"Jun 13, 2024",129.39,129.80,127.16,129.61,129.60,"260,704,500"
70,"Jun 12, 2024",123.06,126.88,122.57,125.20,125.19,"299,595,000"
71,"Jun 11, 2024",0.01 Dividend,,,,,
72,"Jun 11, 2024",121.77,122.87,118.74,120.91,120.90,"222,551,200"
73,"Jun 10, 2024",10:1 Stock Splits,,,,,
74,"Jun 10, 2024",120.37,123.10,117.01,121.79,121.77,"314,162,700"
75,"Jun 7, 2024",119.77,121.69,118.02,120.89,120.87,"412,386,000"
76,"Jun 6, 2024",124.05,125.59,118.32,121.00,120.98,"664,696,000"
77,"Jun 5, 2024",118.37,122.45,117.47,122.44,122.42,"528,402,000"
78,"Jun 4, 2024",115.72,116.60,114.04,116.44,116.42,"403,324,000"
79,"Jun 3, 2024",113.62,115.00,112.00,115.00,114.98,"438,392,000"
80,"May 31, 2024",112.52,112.72,106.94,109.63,109.61,"613,263,000"
81,"May 30, 2024",114.65,115.82,109.66,110.50,110.48,"487,350,000"
82,"May 29, 2024",113.05,115.49,110.90,114.82,114.81,"557,442,000"
83,"May 28, 2024",110.24,114.94,109.88,113.90,113.88,"652,728,000"
84,"May 24, 2024",104.45,106.47,103.00,106.47,106.45,"429,494,000"
85,"May 23, 2024",102.03,106.32,101.52,103.80,103.78,"835,065,000"
86,"May 22, 2024",95.46,96.02,93.25,94.95,94.93,"548,648,000"
87,"May 21, 2024",93.60,95.40,93.18,95.39,95.37,"328,946,000"
88,"May 20, 2024",93.75,95.20,93.44,94.78,94.76,"318,764,000"
89,"May 17, 2024",94.37,94.74,91.81,92.48,92.46,"359,691,000"
90,"May 16, 2024",94.91,95.82,94.10,94.36,94.34,"323,952,000"
91,"May 15, 2024",92.47,94.86,91.60,94.63,94.61,"417,735,000"
92,"May 14, 2024",89.60,91.65,88.93,91.36,91.34,"296,507,000"
93,"May 13, 2024",90.48,91.00,88.53,90.40,90.38,"289,680,000"
94,"May 10, 2024",90.31,91.40,89.23,89.88,89.86,"335,325,000"
95,"May 9, 2024",90.53,91.07,88.23,88.75,88.73,"378,013,000"
96,"May 8, 2024",89.48,91.19,89.42,90.41,90.40,"325,721,000"
97,"May 7, 2024",91.10,91.78,89.01,90.55,90.54,"437,342,000"
98,"May 6, 2024",89.39,92.22,89.06,92.14,92.12,"376,203,000"
99,"May 3, 2024",87.79,89.28,87.04,88.79,88.77,"398,341,000"
100,"May 2, 2024",84.45,86.24,83.20,85.82,85.80,"377,898,000"
101,"May 1, 2024",85.08,86.00,81.25,83.04,83.03,"559,863,000"
102,"Apr 30, 2024",87.24,88.82,86.30,86.40,86.39,"363,709,000"
103,"Apr 29, 2024",87.60,87.99,85.27,87.76,87.74,"388,971,000"
104,"Apr 26, 2024",83.82,88.33,83.39,87.74,87.72,"551,011,000"
105,"Apr 25, 2024",78.87,83.32,78.22,82.63,82.62,"424,641,000"
106,"Apr 24, 2024",83.95,84.08,79.18,79.68,79.66,"512,208,000"
107,"Apr 23, 2024",80.77,82.77,80.26,82.42,82.41,"438,559,000"
108,"Apr 22, 2024",78.10,80.07,76.40,79.52,79.50,"596,341,000"
109,"Apr 19, 2024",83.15,84.32,75.61,76.20,76.19,"875,198,000"
110,"Apr 18, 2024",84.97,86.19,82.40,84.67,84.66,"447,260,000"
111,"Apr 17, 2024",88.34,88.78,83.95,84.04,84.02,"495,400,000"
112,"Apr 16, 2024",86.43,88.12,86.06,87.42,87.40,"370,453,000"
113,"Apr 15, 2024",89.10,90.61,85.93,86.00,85.99,"443,077,000"
114,"Apr 12, 2024",89.70,90.18,87.53,88.19,88.17,"426,805,000"
115,"Apr 11, 2024",87.42,90.74,86.93,90.62,90.60,"431,637,000"
116,"Apr 10, 2024",83.93,87.40,83.71,87.04,87.02,"431,929,000"
117,"Apr 9, 2024",87.44,87.64,83.02,85.35,85.34,"503,547,000"
118,"Apr 8, 2024",88.70,88.83,86.73,87.13,87.12,"283,220,000"
119,"Apr 5, 2024",86.87,88.48,85.93,88.01,87.99,"399,678,000"
120,"Apr 4, 2024",90.41,90.63,85.88,85.90,85.89,"434,965,000"
121,"Apr 3, 2024",88.48,90.37,88.40,88.96,88.95,"370,067,000"
122,"Apr 2, 2024",88.45,90.09,87.62,89.45,89.44,"433,064,000"
123,"Apr 1, 2024",90.30,92.22,89.20,90.36,90.35,"452,441,000"
124,"Mar 28, 2024",90.00,91.30,89.19,90.36,90.34,"435,212,000"
125,"Mar 27, 2024",93.11,93.24,89.12,90.25,90.23,"586,067,000"
126,"Mar 26, 2024",95.85,96.38,92.50,92.56,92.55,"513,648,000"
127,"Mar 25, 2024",93.94,96.77,93.51,95.00,94.99,"552,136,000"
128,"Mar 22, 2024",91.14,94.78,90.83,94.29,94.27,"586,719,000"
129,"Mar 21, 2024",92.30,92.65,90.40,91.43,91.42,"480,372,000"
130,"Mar 20, 2024",89.80,90.41,88.22,90.37,90.36,"479,063,000"
131,"Mar 19, 2024",86.70,90.54,85.01,89.40,89.38,"672,171,000"
132,"Mar 18, 2024",90.39,92.40,87.08,88.46,88.44,"668,976,000"
133,"Mar 15, 2024",86.93,89.55,86.26,87.84,87.82,"642,086,000"
134,"Mar 14, 2024",89.58,90.65,86.60,87.94,87.93,"602,318,000"
135,"Mar 13, 2024",91.06,91.50,88.43,90.89,90.87,"635,713,000"
136,"Mar 12, 2024",88.05,91.96,86.15,91.91,91.90,"668,075,000"
137,"Mar 11, 2024",86.43,88.80,84.17,85.77,85.76,"678,364,000"
138,"Mar 8, 2024",95.14,97.40,86.51,87.53,87.51,"1,142,269,000"
139,"Mar 7, 2024",90.16,92.77,89.60,92.67,92.65,"608,119,000"
140,"Mar 6, 2024",88.02,89.72,87.03,88.70,88.69,"582,520,000"
141,"Mar 5, 2024",0.00 Dividend,,,,,
142,"Mar 5, 2024",85.27,86.10,83.42,85.96,85.95,"520,639,000"
143,"Mar 4, 2024",84.13,87.69,83.72,85.24,85.22,"615,616,000"
144,"Mar 1, 2024",80.00,82.30,79.43,82.28,82.26,"479,135,000"
145,"Feb 29, 2024",79.09,79.99,78.35,79.11,79.10,"507,289,000"
146,"Feb 28, 2024",77.62,78.93,77.13,77.66,77.65,"393,110,000"
147,"Feb 27, 2024",79.38,79.48,77.16,78.70,78.68,"391,705,000"
148,"Feb 26, 2024",79.70,80.65,78.50,79.09,79.08,"503,973,000"
149,"Feb 23, 2024",80.79,82.39,77.57,78.82,78.80,"829,388,000"
150,"Feb 22, 2024",75.03,78.57,74.22,78.54,78.52,"865,100,000"
151,"Feb 21, 2024",68.01,68.89,66.25,67.47,67.46,"690,298,000"
152,"Feb 20, 2024",71.95,71.96,67.73,69.45,69.44,"704,833,000"
153,"Feb 16, 2024",74.10,74.40,72.50,72.61,72.60,"495,327,000"
154,"Feb 15, 2024",73.87,73.97,72.40,72.66,72.64,"420,122,000"
155,"Feb 14, 2024",73.20,74.24,71.94,73.90,73.88,"504,917,000"
156,"Feb 13, 2024",70.40,73.45,69.62,72.13,72.11,"602,580,000"
157,"Feb 12, 2024",72.60,74.61,71.25,72.25,72.23,"613,710,000"
158,"Feb 9, 2024",70.53,72.18,70.21,72.13,72.12,"436,637,000"
159,"Feb 8, 2024",70.07,70.79,69.46,69.64,69.63,"414,422,000"
160,"Feb 7, 2024",68.32,70.22,67.60,70.10,70.08,"495,575,000"
161,"Feb 6, 2024",69.63,69.75,66.30,68.22,68.21,"683,111,000"
162,"Feb 5, 2024",68.22,69.50,67.21,69.33,69.32,"680,078,000"
163,"Feb 2, 2024",63.97,66.60,63.69,66.16,66.15,"476,578,000"
164,"Feb 1, 2024",62.10,63.19,61.65,63.03,63.01,"369,146,000"
165,"Jan 31, 2024",61.44,62.27,60.70,61.53,61.51,"453,795,000"
166,"Jan 30, 2024",62.90,63.49,62.26,62.77,62.76,"410,735,000"
167,"Jan 29, 2024",61.23,62.49,60.91,62.47,62.45,"348,733,000"
168,"Jan 26, 2024",60.96,61.78,60.57,61.03,61.02,"390,309,000"
169,"Jan 25, 2024",62.35,62.72,60.85,61.62,61.60,"482,777,000"
170,"Jan 24, 2024",60.30,62.85,59.94,61.36,61.35,"560,271,000"
171,"Jan 23, 2024",59.57,59.91,58.58,59.87,59.86,"294,654,000"
172,"Jan 22, 2024",60.05,60.33,59.07,59.65,59.64,"452,955,000"
173,"Jan 19, 2024",57.99,59.50,57.22,59.49,59.48,"543,501,000"
174,"Jan 18, 2024",57.26,57.60,56.11,57.11,57.09,"491,650,000"
175,"Jan 17, 2024",56.35,56.47,54.74,56.05,56.04,"474,394,000"
176,"Jan 16, 2024",55.02,56.83,54.90,56.38,56.37,"449,580,000"
177,"Jan 12, 2024",54.62,54.97,54.33,54.71,54.70,"352,994,000"
178,"Jan 11, 2024",55.00,55.35,53.56,54.82,54.81,"596,759,000"
179,"Jan 10, 2024",53.62,54.60,53.49,54.35,54.34,"533,796,000"
180,"Jan 9, 2024",52.40,54.33,51.69,53.14,53.13,"773,100,000"
181,"Jan 8, 2024",49.51,52.28,49.48,52.25,52.24,"642,510,000"
182,"Jan 5, 2024",48.46,49.55,48.31,49.10,49.09,"415,039,000"
183,"Jan 4, 2024",47.77,48.50,47.51,48.00,47.99,"306,535,000"
184,"Jan 3, 2024",47.49,48.18,47.32,47.57,47.56,"320,896,000"
185,"Jan 2, 2024",49.24,49.29,47.60,48.17,48.16,"411,254,000"
186,"Dec 29, 2023",49.81,50.00,48.75,49.52,49.51,"389,293,000"
187,"Dec 28, 2023",49.64,49.88,49.41,49.52,49.51,"246,587,000"
188,"Dec 27, 2023",49.51,49.68,49.08,49.42,49.41,"233,648,000"
189,"Dec 26, 2023",48.97,49.60,48.96,49.28,49.27,"244,200,000"
190,"Dec 22, 2023",49.19,49.38,48.47,48.83,48.82,"252,507,000"
191,"Dec 21, 2023",48.81,49.10,48.42,48.99,48.98,"300,425,000"
192,"Dec 20, 2023",49.65,50.00,48.10,48.11,48.10,"397,894,000"
193,"Dec 19, 2023",49.42,49.70,48.90,49.60,49.59,"464,444,000"
194,"Dec 18, 2023",49.40,50.43,49.15,50.08,50.07,"412,587,000"
195,"Dec 15, 2023",48.19,49.40,48.12,48.89,48.88,"479,948,000"
196,"Dec 14, 2023",48.39,48.67,47.42,48.35,48.34,"391,232,000"
197,"Dec 13, 2023",47.63,48.59,47.61,48.09,48.08,"447,792,000"
198,"Dec 12, 2023",46.05,47.67,46.05,47.66,47.65,"372,387,000"
199,"Dec 11, 2023",47.49,47.53,45.83,46.63,46.62,"509,728,000"
200,"Dec 8, 2023",46.60,47.74,46.55,47.51,47.50,"359,224,000"
201,"Dec 7, 2023",45.70,46.63,45.60,46.60,46.59,"350,823,000"
202,"Dec 6, 2023",47.22,47.39,45.41,45.50,45.49,"380,590,000"
203,"Dec 5, 2023",0.00 Dividend,,,,,
204,"Dec 5, 2023",45.47,46.60,45.27,46.57,46.56,"371,718,000"
205,"Dec 4, 2023",46.08,46.08,45.01,45.51,45.50,"437,543,000"
206,"Dec 1, 2023",46.53,47.20,46.19,46.76,46.75,"369,317,000"
207,"Nov 30, 2023",48.02,48.11,46.42,46.77,46.76,"526,247,000"
208,"Nov 29, 2023",48.38,48.76,47.86,48.14,48.13,"382,005,000"
209,"Nov 28, 2023",48.24,48.32,47.47,47.82,47.81,"401,491,000"
210,"Nov 27, 2023",47.80,48.53,47.65,48.24,48.23,"395,662,000"
211,"Nov 24, 2023",48.47,48.92,47.74,47.78,47.76,"294,645,000"
212,"Nov 22, 2023",49.85,50.33,47.69,48.72,48.70,"899,420,000"
213,"Nov 21, 2023",50.13,50.52,49.22,49.94,49.93,"565,747,000"
214,"Nov 20, 2023",49.31,50.55,49.18,50.41,50.39,"414,120,000"
215,"Nov 17, 2023",49.52,49.72,49.01,49.30,49.28,"325,205,000"
216,"Nov 16, 2023",48.68,49.53,48.33,49.48,49.47,"339,756,000"
217,"Nov 15, 2023",49.94,49.96,48.20,48.89,48.87,"475,497,000"
218,"Nov 14, 2023",49.68,49.83,49.04,49.66,49.64,"416,954,000"
219,"Nov 13, 2023",48.32,49.12,48.10,48.62,48.61,"384,136,000"
220,"Nov 10, 2023",47.50,48.47,47.28,48.33,48.32,"421,245,000"
221,"Nov 9, 2023",47.47,48.23,46.75,46.95,46.94,"540,496,000"
222,"Nov 8, 2023",46.10,46.87,45.97,46.57,46.56,"346,719,000"
223,"Nov 7, 2023",45.72,46.22,45.16,45.96,45.94,"343,165,000"
224,"Nov 6, 2023",45.28,45.94,44.90,45.75,45.74,"400,733,000"
225,"Nov 3, 2023",44.02,45.31,43.72,45.01,44.99,"424,610,000"
226,"Nov 2, 2023",43.33,43.88,42.89,43.51,43.49,"409,172,000"
227,"Nov 1, 2023",40.88,42.38,40.87,42.33,42.31,"437,593,000"
228,"Oct 31, 2023",40.45,40.88,39.23,40.78,40.77,"517,969,000"
229,"Oct 30, 2023",41.09,41.77,40.48,41.16,41.15,"388,028,000"
230,"Oct 27, 2023",41.13,41.21,40.01,40.50,40.49,"416,784,000"
231,"Oct 26, 2023",41.85,42.26,39.88,40.33,40.31,"541,001,000"
232,"Oct 25, 2023",43.40,43.65,41.56,41.78,41.77,"398,379,000"
233,"Oct 24, 2023",43.08,43.70,42.69,43.66,43.65,"401,463,000"
234,"Oct 23, 2023",41.23,43.25,40.94,42.97,42.96,"478,530,000"
235,"Oct 20, 2023",41.89,42.47,41.08,41.39,41.37,"477,266,000"
236,"Oct 19, 2023",42.81,43.30,41.88,42.10,42.09,"501,233,000"
237,"Oct 18, 2023",42.59,43.22,41.83,42.20,42.18,"627,294,000"
238,"Oct 17, 2023",44.00,44.75,42.48,43.94,43.92,"812,333,000"
239,"Oct 16, 2023",45.06,46.22,44.91,46.10,46.08,"375,099,000"
240,"Oct 13, 2023",46.96,47.12,45.28,45.46,45.45,"474,115,000"
241,"Oct 12, 2023",46.78,47.61,46.33,46.94,46.93,"481,325,000"
242,"Oct 11, 2023",46.20,46.86,46.05,46.81,46.79,"378,137,000"
243,"Oct 10, 2023",45.31,46.26,45.09,45.80,45.78,"368,582,000"
244,"Oct 9, 2023",44.84,45.60,44.37,45.27,45.26,"409,675,000"
245,"Oct 6, 2023",44.19,45.79,44.03,45.76,45.75,"434,436,000"
246,"Oct 5, 2023",44.05,44.90,43.89,44.69,44.67,"393,483,000"
247,"Oct 4, 2023",43.74,44.14,43.29,44.04,44.03,"361,821,000"
248,"Oct 3, 2023",44.81,45.13,43.25,43.52,43.50,"470,850,000"
249,"Oct 2, 2023",44.03,45.17,43.86,44.78,44.77,"433,298,000"
250,"Sep 29, 2023",43.83,44.14,43.31,43.50,43.49,"397,830,000"
251,"Sep 28, 2023",42.46,43.45,42.12,43.09,43.08,"424,663,000"
252,"Sep 27, 2023",42.33,42.87,41.63,42.47,42.46,"444,935,000"
253,"Sep 26, 2023",42.00,42.82,41.65,41.91,41.90,"402,282,000"
254,"Sep 25, 2023",41.59,42.54,41.18,42.22,42.21,"419,091,000"
255,"Sep 22, 2023",41.57,42.12,41.23,41.61,41.60,"479,236,000"
256,"Sep 21, 2023",41.58,42.10,40.98,41.02,41.00,"450,736,000"
257,"Sep 20, 2023",43.60,43.90,42.22,42.24,42.23,"367,108,000"
258,"Sep 19, 2023",43.83,43.97,43.00,43.52,43.51,"373,064,000"
259,"Sep 18, 2023",42.75,44.24,42.00,43.97,43.95,"500,271,000"
260,"Sep 15, 2023",45.34,45.60,43.81,43.90,43.89,"506,831,000"
261,"Sep 14, 2023",45.95,45.99,45.13,45.58,45.57,"370,097,000"
262,"Sep 13, 2023",44.60,45.93,44.50,45.49,45.47,"398,355,000"
263,"Sep 12, 2023",44.74,45.67,44.53,44.87,44.86,"349,256,000"
264,"Sep 11, 2023",46.15,46.16,44.31,45.18,45.16,"473,966,000"
265,"Sep 8, 2023",45.94,46.61,45.27,45.57,45.56,"473,069,000"
266,"Sep 7, 2023",45.53,46.34,45.15,46.24,46.23,"433,330,000"
267,"Sep 6, 2023",0.00 Dividend,,,,,
268,"Sep 6, 2023",48.44,48.55,46.58,47.06,47.05,"468,670,000"
269,"Sep 5, 2023",48.22,48.85,47.86,48.55,48.53,"382,653,000"
270,"Sep 1, 2023",49.76,49.80,48.14,48.51,48.49,"463,830,000"
271,"Aug 31, 2023",49.38,49.74,48.96,49.35,49.34,"528,570,000"
272,"Aug 30, 2023",49.04,49.93,48.42,49.26,49.25,"735,206,000"
273,"Aug 29, 2023",46.67,49.08,46.39,48.78,48.77,"701,397,000"
274,"Aug 28, 2023",46.48,46.98,44.89,46.83,46.82,"685,192,000"
275,"Aug 25, 2023",47.01,47.81,45.02,46.02,46.00,"925,341,000"
276,"Aug 24, 2023",50.22,50.27,47.16,47.16,47.14,"1,156,044,000"
277,"Aug 23, 2023",45.87,47.20,45.21,47.12,47.10,"779,046,000"
278,"Aug 22, 2023",48.13,48.19,45.33,45.67,45.65,"755,293,000"
279,"Aug 21, 2023",44.49,47.06,44.22,46.97,46.95,"692,573,000"
280,"Aug 18, 2023",42.63,43.58,41.66,43.30,43.28,"583,768,000"
281,"Aug 17, 2023",43.97,44.06,43.00,43.34,43.33,"452,395,000"
282,"Aug 16, 2023",44.52,44.67,43.41,43.49,43.47,"527,451,000"
283,"Aug 15, 2023",44.56,45.27,43.71,43.94,43.92,"676,512,000"
284,"Aug 14, 2023",40.49,43.80,40.31,43.75,43.74,"690,286,000"
285,"Aug 11, 2023",41.75,42.02,40.64,40.85,40.84,"533,085,000"
286,"Aug 10, 2023",42.16,43.57,41.83,42.39,42.37,"492,705,000"
287,"Aug 9, 2023",44.27,44.31,42.13,42.55,42.54,"586,449,000"
288,"Aug 8, 2023",44.85,45.24,44.06,44.66,44.65,"353,843,000"
289,"Aug 7, 2023",45.11,45.54,44.56,45.42,45.40,"322,154,000"
290,"Aug 4, 2023",44.99,45.64,44.39,44.68,44.66,"362,666,000"
291,"Aug 3, 2023",43.80,45.12,43.80,44.51,44.50,"324,176,000"
292,"Aug 2, 2023",45.83,45.84,43.39,44.27,44.25,"530,142,000"
293,"Aug 1, 2023",46.46,46.90,46.03,46.51,46.49,"237,858,000"
294,"Jul 31, 2023",46.75,47.13,46.51,46.73,46.71,"251,055,000"
295,"Jul 28, 2023",46.67,47.03,46.38,46.75,46.73,"331,194,000"
296,"Jul 27, 2023",46.52,47.40,45.75,45.90,45.88,"455,976,000"
297,"Jul 26, 2023",46.02,46.05,44.63,45.45,45.43,"364,237,000"
298,"Jul 25, 2023",44.94,46.18,44.92,45.68,45.66,"348,081,000"
299,"Jul 24, 2023",44.73,45.11,44.04,44.61,44.59,"382,516,000"
300,"Jul 21, 2023",45.79,45.87,44.10,44.31,44.29,"963,769,000"
301,"Jul 20, 2023",46.51,47.09,45.06,45.52,45.50,"537,865,000"
302,"Jul 19, 2023",47.46,47.82,46.74,47.08,47.06,"427,502,000"
303,"Jul 18, 2023",46.70,47.90,45.73,47.49,47.48,"569,164,000"
304,"Jul 17, 2023",46.29,46.50,45.26,46.46,46.44,"510,488,000"
305,"Jul 14, 2023",46.58,48.09,45.06,45.47,45.45,"772,075,000"
306,"Jul 13, 2023",44.52,46.15,44.49,45.98,45.96,"478,204,000"
307,"Jul 12, 2023",43.03,43.94,42.78,43.90,43.89,"481,277,000"
308,"Jul 11, 2023",42.48,42.76,42.07,42.40,42.39,"298,244,000"
309,"Jul 10, 2023",42.66,42.81,41.65,42.18,42.16,"353,908,000"
310,"Jul 7, 2023",42.32,43.21,42.18,42.50,42.49,"355,881,000"
311,"Jul 6, 2023",41.84,42.18,41.35,42.10,42.09,"303,582,000"
312,"Jul 5, 2023",42.13,43.18,42.08,42.32,42.30,"323,618,000"
313,"Jul 3, 2023",42.52,42.90,42.20,42.41,42.40,"198,209,000"
314,"Jun 30, 2023",41.68,42.55,41.50,42.30,42.29,"501,148,000"
315,"Jun 29, 2023",41.56,41.60,40.60,40.82,40.81,"380,514,000"
316,"Jun 28, 2023",40.66,41.85,40.52,41.12,41.10,"582,639,000"
317,"Jun 27, 2023",40.80,41.94,40.45,41.88,41.86,"462,175,000"
318,"Jun 26, 2023",42.46,42.76,40.10,40.63,40.62,"594,322,000"
319,"Jun 23, 2023",42.46,42.81,42.01,42.21,42.19,"358,140,000"
320,"Jun 22, 2023",42.25,43.43,42.23,43.03,43.01,"417,737,000"
321,"Jun 21, 2023",43.50,43.62,42.08,43.04,43.03,"551,603,000"
322,"Jun 20, 2023",43.00,43.99,42.67,43.81,43.79,"451,153,000"
323,"Jun 16, 2023",43.45,43.72,42.66,42.69,42.68,"655,709,000"
324,"Jun 15, 2023",42.60,43.29,42.15,42.65,42.64,"568,622,000"
325,"Jun 14, 2023",40.82,43.00,40.55,43.00,42.98,"740,465,000"
326,"Jun 13, 2023",40.19,41.10,39.74,41.02,41.01,"613,208,000"
327,"Jun 12, 2023",39.20,39.53,38.62,39.48,39.47,"388,701,000"
328,"Jun 9, 2023",39.04,39.71,38.57,38.77,38.76,"427,717,000"
329,"Jun 8, 2023",37.72,38.86,37.51,38.51,38.50,"417,772,000"
330,"Jun 7, 2023",0.00 Dividend,,,,,
331,"Jun 7, 2023",38.92,39.50,37.36,37.47,37.46,"511,998,000"
332,"Jun 6, 2023",38.83,39.16,38.15,38.65,38.64,"388,729,000"
333,"Jun 5, 2023",38.91,39.56,38.71,39.17,39.15,"396,094,000"
334,"Jun 2, 2023",40.10,40.50,39.06,39.33,39.31,"482,731,000"
335,"Jun 1, 2023",38.49,40.05,38.34,39.77,39.75,"635,873,000"
336,"May 31, 2023",39.49,40.29,37.82,37.83,37.82,"1,002,580,000"
337,"May 30, 2023",40.60,41.94,39.95,40.11,40.09,"923,401,000"
338,"May 26, 2023",37.89,39.17,37.55,38.95,38.93,"714,397,000"
339,"May 25, 2023",38.52,39.48,36.63,37.98,37.96,"1,543,911,000"
340,"May 24, 2023",30.21,30.61,29.81,30.54,30.52,"721,419,000"
341,"May 23, 2023",31.00,31.29,30.63,30.69,30.67,"356,253,000"
342,"May 22, 2023",30.90,31.52,30.68,31.18,31.16,"372,000,000"
343,"May 19, 2023",31.54,31.58,30.92,31.26,31.25,"473,908,000"
344,"May 18, 2023",30.41,31.83,30.32,31.68,31.66,"748,725,000"
345,"May 17, 2023",29.58,30.20,29.43,30.18,30.16,"432,535,000"
346,"May 16, 2023",28.84,29.87,28.83,29.21,29.20,"449,405,000"
347,"May 15, 2023",28.51,28.97,28.15,28.95,28.94,"293,926,000"
348,"May 12, 2023",28.53,28.78,28.05,28.34,28.33,"274,222,000"
349,"May 11, 2023",28.90,28.95,28.25,28.58,28.56,"322,149,000"
350,"May 10, 2023",29.00,29.11,28.46,28.89,28.87,"369,350,000"
351,"May 9, 2023",28.90,28.97,28.45,28.57,28.56,"314,869,000"
352,"May 8, 2023",28.52,29.22,28.35,29.15,29.14,"344,979,000"
353,"May 5, 2023",27.83,28.75,27.73,28.68,28.67,"361,494,000"
354,"May 4, 2023",27.65,27.86,27.24,27.56,27.55,"321,850,000"
355,"May 3, 2023",27.84,28.37,27.47,27.80,27.79,"383,387,000"
356,"May 2, 2023",28.68,28.84,28.08,28.21,28.20,"402,730,000"
357,"May 1, 2023",27.84,29.06,27.78,28.91,28.90,"570,329,000"
358,"Apr 28, 2023",27.23,27.76,27.07,27.75,27.74,"292,216,000"
359,"Apr 27, 2023",27.36,27.50,26.63,27.23,27.21,"377,161,000"
360,"Apr 26, 2023",27.00,27.33,26.70,26.96,26.94,"406,337,000"
361,"Apr 25, 2023",27.08,27.25,26.23,26.24,26.23,"378,527,000"
362,"Apr 24, 2023",27.01,27.37,26.67,27.04,27.03,"339,282,000"
363,"Apr 21, 2023",26.95,27.18,26.72,27.12,27.11,"345,103,000"
364,"Apr 20, 2023",27.67,28.03,27.00,27.10,27.09,"427,713,000"
365,"Apr 19, 2023",27.36,28.00,27.23,27.93,27.92,"358,660,000"
366,"Apr 18, 2023",27.53,28.11,27.36,27.67,27.65,"604,812,000"
367,"Apr 17, 2023",26.57,27.01,26.43,27.00,26.99,"321,471,000"
368,"Apr 14, 2023",26.50,26.88,26.22,26.76,26.74,"395,660,000"
369,"Apr 13, 2023",26.73,26.89,26.33,26.46,26.45,"353,615,000"
370,"Apr 12, 2023",27.37,27.47,26.45,26.50,26.48,"446,259,000"
371,"Apr 11, 2023",27.72,27.79,27.13,27.17,27.16,"314,378,000"
372,"Apr 10, 2023",26.82,27.62,26.67,27.58,27.57,"395,279,000"
373,"Apr 6, 2023",26.58,27.08,26.43,27.04,27.02,"397,654,000"
374,"Apr 5, 2023",26.83,27.00,26.40,26.88,26.87,"515,015,000"
375,"Apr 4, 2023",27.97,28.00,27.31,27.45,27.44,"368,592,000"
376,"Apr 3, 2023",27.51,28.00,27.34,27.97,27.95,"398,716,000"
377,"Mar 31, 2023",27.14,27.83,27.10,27.78,27.76,"433,933,000"
378,"Mar 30, 2023",27.23,27.50,27.10,27.38,27.37,"364,516,000"
379,"Mar 29, 2023",26.83,27.08,26.60,26.98,26.97,"393,694,000"
380,"Mar 28, 2023",26.45,26.51,25.85,26.41,26.40,"356,104,000"
381,"Mar 27, 2023",26.84,27.00,26.36,26.53,26.52,"361,026,000"
382,"Mar 24, 2023",27.03,27.17,26.35,26.78,26.77,"454,920,000"
383,"Mar 23, 2023",27.11,27.50,26.69,27.19,27.18,"564,889,000"
384,"Mar 22, 2023",26.42,27.59,26.24,26.47,26.46,"797,295,000"
385,"Mar 21, 2023",26.18,26.39,25.38,26.20,26.19,"547,408,000"
386,"Mar 20, 2023",25.61,26.02,25.13,25.90,25.89,"432,747,000"
387,"Mar 17, 2023",25.98,26.40,25.67,25.73,25.71,"848,547,000"
388,"Mar 16, 2023",24.03,25.59,23.89,25.54,25.53,"583,253,000"
389,"Mar 15, 2023",23.76,24.29,23.36,24.23,24.22,"524,486,000"
390,"Mar 14, 2023",23.50,24.22,23.46,24.06,24.05,"474,910,000"
391,"Mar 13, 2023",22.75,23.30,22.30,22.97,22.95,"421,890,000"
392,"Mar 10, 2023",23.41,23.63,22.73,22.97,22.95,"474,866,000"
393,"Mar 9, 2023",24.17,24.45,23.38,23.44,23.42,"501,257,000"
394,"Mar 8, 2023",23.49,24.20,23.42,24.18,24.17,"513,573,000"
395,"Mar 7, 2023",0.00 Dividend,,,,,
396,"Mar 7, 2023",23.60,24.13,23.24,23.29,23.28,"515,154,000"
397,"Mar 6, 2023",23.89,24.25,23.49,23.55,23.54,"437,429,000"
398,"Mar 3, 2023",23.32,23.90,23.13,23.89,23.87,"412,393,000"
399,"Mar 2, 2023",22.49,23.38,22.43,23.31,23.30,"389,415,000"
400,"Mar 1, 2023",23.19,23.26,22.51,22.70,22.68,"460,026,000"
401,"Feb 28, 2023",23.37,23.83,23.21,23.22,23.20,"455,963,000"
402,"Feb 27, 2023",23.67,23.88,23.45,23.50,23.49,"452,994,000"
403,"Feb 24, 2023",23.23,23.47,22.95,23.29,23.27,"589,716,000"
404,"Feb 23, 2023",23.44,23.89,23.02,23.66,23.65,"1,117,995,000"
405,"Feb 22, 2023",20.71,21.10,20.42,20.75,20.74,"513,184,000"
406,"Feb 21, 2023",21.00,21.49,20.62,20.66,20.64,"410,015,000"
407,"Feb 17, 2023",21.63,21.74,20.98,21.39,21.37,"465,888,000"
408,"Feb 16, 2023",22.13,22.55,21.93,22.00,21.99,"412,026,000"
409,"Feb 15, 2023",22.55,22.85,22.11,22.76,22.75,"420,575,000"
410,"Feb 14, 2023",21.58,23.05,21.37,22.97,22.96,"675,474,000"
411,"Feb 13, 2023",21.54,22.05,20.96,21.79,21.77,"474,919,000"
412,"Feb 10, 2023",21.69,22.08,20.81,21.26,21.25,"550,737,000"
413,"Feb 9, 2023",22.61,23.02,22.12,22.34,22.32,"523,876,000"
414,"Feb 8, 2023",22.39,22.88,22.01,22.20,22.19,"559,651,000"
415,"Feb 7, 2023",21.38,22.26,21.15,22.17,22.16,"664,150,000"
416,"Feb 6, 2023",20.81,21.57,20.79,21.09,21.08,"452,197,000"
417,"Feb 3, 2023",21.00,21.75,20.79,21.10,21.09,"429,366,000"
418,"Feb 2, 2023",21.00,21.95,20.70,21.71,21.69,"564,276,000"
419,"Feb 1, 2023",19.69,21.19,19.61,20.94,20.93,"660,477,000"
420,"Jan 31, 2023",19.17,19.69,18.95,19.54,19.52,"498,017,000"
421,"Jan 30, 2023",19.95,20.14,19.15,19.16,19.15,"488,611,000"
422,"Jan 27, 2023",19.46,20.63,19.41,20.36,20.35,"542,142,000"
423,"Jan 26, 2023",19.70,20.17,19.28,19.80,19.79,"489,535,000"
424,"Jan 25, 2023",18.91,19.37,18.58,19.32,19.31,"449,537,000"
425,"Jan 24, 2023",18.83,19.50,18.82,19.26,19.25,"496,204,000"
426,"Jan 23, 2023",18.06,19.25,17.82,19.19,19.18,"655,163,000"
427,"Jan 20, 2023",17.01,17.86,16.83,17.84,17.83,"564,967,000"
428,"Jan 19, 2023",17.04,17.20,16.73,16.76,16.75,"452,932,000"
429,"Jan 18, 2023",17.67,17.87,17.28,17.38,17.37,"439,624,000"
430,"Jan 17, 2023",16.90,17.73,16.90,17.70,17.69,"511,102,000"
431,"Jan 13, 2023",16.28,16.92,16.17,16.90,16.89,"447,287,000"
432,"Jan 12, 2023",16.10,16.64,15.49,16.51,16.50,"551,409,000"
433,"Jan 11, 2023",15.84,16.03,15.56,16.00,15.99,"353,285,000"
434,"Jan 10, 2023",15.51,15.96,15.47,15.91,15.90,"384,101,000"
435,"Jan 9, 2023",15.28,16.06,15.14,15.63,15.62,"504,231,000"
436,"Jan 6, 2023",14.47,15.01,14.03,14.86,14.85,"405,044,000"
437,"Jan 5, 2023",14.49,14.56,14.15,14.27,14.26,"389,168,000"
438,"Jan 4, 2023",14.57,14.85,14.24,14.75,14.74,"431,324,000"
439,"Jan 3, 2023",14.85,15.00,14.10,14.31,14.31,"401,277,000"
440,"Dec 30, 2022",14.33,14.63,14.23,14.61,14.60,"310,490,000"
441,"Dec 29, 2022",14.40,14.68,14.23,14.60,14.59,"354,923,000"
442,"Dec 28, 2022",13.93,14.26,13.88,14.04,14.03,"351,066,000"
443,"Dec 27, 2022",15.07,15.10,14.06,14.12,14.11,"464,902,000"
444,"Dec 23, 2022",15.20,15.34,14.88,15.21,15.20,"349,326,000"
445,"Dec 22, 2022",16.09,16.14,14.88,15.34,15.33,"565,045,000"
446,"Dec 21, 2022",16.11,16.63,16.10,16.50,16.49,"325,025,000"
447,"Dec 20, 2022",16.06,16.31,15.85,16.08,16.07,"403,260,000"
448,"Dec 19, 2022",16.57,16.61,16.15,16.25,16.24,"354,039,000"
449,"Dec 16, 2022",16.86,17.04,16.41,16.57,16.56,"478,232,000"
450,"Dec 15, 2022",17.15,17.32,16.70,16.95,16.94,"478,542,000"
451,"Dec 14, 2022",17.99,18.25,17.42,17.67,17.66,"496,888,000"
452,"Dec 13, 2022",18.53,18.79,17.71,18.07,18.06,"656,589,000"
453,"Dec 12, 2022",17.04,17.54,16.80,17.53,17.52,"457,328,000"
454,"Dec 9, 2022",17.16,17.58,16.98,17.00,16.99,"465,338,000"
455,"Dec 8, 2022",16.27,17.18,15.96,17.17,17.16,"515,456,000"
456,"Dec 7, 2022",15.77,16.19,15.67,16.12,16.11,"372,388,000"
457,"Dec 6, 2022",16.53,16.57,15.82,15.99,15.98,"352,694,000"
458,"Dec 5, 2022",16.68,17.00,16.47,16.61,16.60,"352,255,000"
459,"Dec 2, 2022",16.66,16.93,16.44,16.88,16.86,"371,389,000"
460,"Dec 1, 2022",17.00,17.26,16.64,17.14,17.12,"470,977,000"
461,"Nov 30, 2022",0.00 Dividend,,,,,
462,"Nov 30, 2022",15.70,16.93,15.60,16.92,16.91,"565,298,000"
463,"Nov 29, 2022",15.83,15.93,15.52,15.64,15.62,"298,384,000"
464,"Nov 28, 2022",16.03,16.36,15.73,15.83,15.81,"303,741,000"
465,"Nov 25, 2022",16.32,16.49,16.17,16.27,16.26,"167,934,000"
466,"Nov 23, 2022",16.10,16.53,16.05,16.52,16.50,"427,241,000"
467,"Nov 22, 2022",15.33,16.06,15.12,16.04,16.02,"472,866,000"
468,"Nov 21, 2022",15.15,15.48,15.08,15.32,15.30,"404,739,000"
469,"Nov 18, 2022",15.97,16.00,15.12,15.41,15.39,"492,072,000"
470,"Nov 17, 2022",15.72,16.27,15.53,15.68,15.66,"710,894,000"
471,"Nov 16, 2022",16.16,16.36,15.87,15.91,15.90,"649,547,000"
472,"Nov 15, 2022",16.72,17.00,16.38,16.67,16.65,"545,876,000"
473,"Nov 14, 2022",16.22,16.54,15.92,16.30,16.28,"527,852,000"
474,"Nov 11, 2022",15.81,16.39,15.48,16.33,16.31,"655,487,000"
475,"Nov 10, 2022",14.80,15.77,14.55,15.75,15.74,"700,819,000"
476,"Nov 9, 2022",14.16,14.21,13.76,13.78,13.76,"454,414,000"
477,"Nov 8, 2022",14.80,14.89,14.22,14.60,14.59,"595,292,000"
478,"Nov 7, 2022",14.23,14.41,13.95,14.30,14.29,"410,061,000"
479,"Nov 4, 2022",13.99,14.23,13.70,14.16,14.14,"612,576,000"
480,"Nov 3, 2022",13.04,13.78,12.96,13.42,13.41,"500,065,000"
481,"Nov 2, 2022",13.85,14.21,13.21,13.22,13.21,"672,628,000"
482,"Nov 1, 2022",13.81,13.93,13.52,13.54,13.53,"432,817,000"
483,"Oct 31, 2022",13.78,13.84,13.30,13.50,13.48,"486,341,000"
484,"Oct 28, 2022",13.10,13.85,13.06,13.83,13.82,"521,040,000"
485,"Oct 27, 2022",13.63,13.84,13.12,13.18,13.16,"583,113,000"
486,"Oct 26, 2022",12.87,13.39,12.71,12.90,12.88,"532,953,000"
487,"Oct 25, 2022",12.69,13.30,12.66,13.26,13.25,"505,482,000"
488,"Oct 24, 2022",12.51,12.71,12.06,12.60,12.59,"517,457,000"
489,"Oct 21, 2022",12.10,12.50,11.89,12.47,12.45,"609,494,000"
490,"Oct 20, 2022",12.11,12.77,12.10,12.19,12.18,"652,398,000"
491,"Oct 19, 2022",11.88,12.35,11.83,12.05,12.04,"523,131,000"
492,"Oct 18, 2022",12.34,12.49,11.62,11.97,11.96,"659,362,000"
493,"Oct 17, 2022",11.52,11.95,11.52,11.89,11.88,"580,774,000"
494,"Oct 14, 2022",12.06,12.11,11.20,11.23,11.22,"713,432,000"
495,"Oct 13, 2022",10.97,12.08,10.81,11.96,11.95,"850,103,000"
496,"Oct 12, 2022",11.58,11.73,11.35,11.50,11.49,"492,590,000"
497,"Oct 11, 2022",11.56,11.85,11.28,11.59,11.58,"667,482,000"
498,"Oct 10, 2022",12.04,12.12,11.41,11.67,11.66,"698,699,000"
499,"Oct 7, 2022",12.51,12.67,12.02,12.08,12.06,"672,478,000"
500,"Oct 6, 2022",13.22,13.66,13.10,13.13,13.12,"644,157,000"
501,"Oct 5, 2022",12.91,13.32,12.62,13.21,13.20,"507,131,000"
502,"Oct 4, 2022",12.88,13.22,12.88,13.17,13.15,"584,182,000"
503,"Oct 3, 2022",12.35,12.68,12.10,12.51,12.50,"547,478,000"
504,"Sep 30, 2022",12.09,12.63,12.07,12.14,12.13,"565,638,000"
505,"Sep 29, 2022",12.45,12.50,11.95,12.22,12.21,"532,763,000"
506,"Sep 28, 2022",12.41,12.82,12.35,12.74,12.72,"542,414,000"
507,"Sep 27, 2022",12.51,12.74,12.26,12.41,12.40,"553,854,000"
508,"Sep 26, 2022",12.49,12.66,12.21,12.23,12.22,"547,343,000"
509,"Sep 23, 2022",12.42,12.61,12.26,12.52,12.50,"663,309,000"
510,"Sep 22, 2022",13.07,13.15,12.43,12.56,12.55,"759,162,000"
511,"Sep 21, 2022",13.21,14.03,13.11,13.26,13.25,"807,679,000"
512,"Sep 20, 2022",13.22,13.48,13.06,13.18,13.16,"524,818,000"
513,"Sep 19, 2022",13.01,13.46,13.01,13.38,13.37,"569,685,000"
514,"Sep 16, 2022",12.74,13.21,12.62,13.20,13.19,"670,751,000"
515,"Sep 15, 2022",13.02,13.23,12.79,12.93,12.92,"523,625,000"
516,"Sep 14, 2022",13.25,13.29,12.91,13.13,13.12,"588,507,000"
517,"Sep 13, 2022",13.80,13.92,13.10,13.13,13.12,"714,956,000"
518,"Sep 12, 2022",14.37,14.55,14.20,14.51,14.49,"484,159,000"
519,"Sep 9, 2022",14.16,14.47,14.13,14.39,14.37,"486,612,000"
520,"Sep 8, 2022",13.46,14.01,13.37,13.99,13.98,"624,873,000"
521,"Sep 7, 2022",0.00 Dividend,,,,,
522,"Sep 7, 2022",13.56,13.84,13.35,13.71,13.70,"512,657,000"
523,"Sep 6, 2022",13.73,13.78,13.35,13.47,13.45,"535,751,000"
524,"Sep 2, 2022",14.10,14.17,13.59,13.65,13.63,"743,157,000"
525,"Sep 1, 2022",14.21,14.38,13.27,13.94,13.92,"1,178,865,000"
526,"Aug 31, 2022",15.38,15.54,14.96,15.09,15.08,"573,710,000"
527,"Aug 30, 2022",15.96,16.04,15.18,15.47,15.45,"530,181,000"
528,"Aug 29, 2022",16.02,16.34,15.77,15.80,15.78,"496,132,000"
529,"Aug 26, 2022",17.86,17.92,16.24,16.26,16.24,"769,127,000"
530,"Aug 25, 2022",16.84,17.95,16.83,17.91,17.89,"770,691,000"
531,"Aug 24, 2022",17.01,17.41,16.90,17.22,17.20,"522,661,000"
532,"Aug 23, 2022",16.99,17.47,16.97,17.18,17.16,"369,986,000"
533,"Aug 22, 2022",17.49,17.56,16.97,17.03,17.01,"409,593,000"
534,"Aug 19, 2022",18.41,18.52,17.77,17.85,17.83,"441,588,000"
535,"Aug 18, 2022",18.30,18.86,18.18,18.77,18.75,"415,447,000"
536,"Aug 17, 2022",18.52,18.69,18.15,18.33,18.31,"446,799,000"
537,"Aug 16, 2022",18.92,19.14,18.50,18.88,18.86,"451,240,000"
538,"Aug 15, 2022",18.70,19.16,18.61,19.03,19.01,"457,666,000"
539,"Aug 12, 2022",18.16,18.72,17.95,18.71,18.69,"478,094,000"
540,"Aug 11, 2022",18.13,18.71,17.88,17.94,17.92,"509,327,000"
541,"Aug 10, 2022",17.70,18.12,17.32,18.10,18.08,"597,422,000"
542,"Aug 9, 2022",17.25,17.45,16.72,17.09,17.07,"668,263,000"
543,"Aug 8, 2022",17.50,18.24,17.24,17.79,17.77,"981,859,000"
544,"Aug 5, 2022",18.81,19.23,18.67,18.99,18.97,"386,068,000"
545,"Aug 4, 2022",18.85,19.27,18.76,19.22,19.19,"409,652,000"
546,"Aug 3, 2022",18.18,18.97,18.14,18.89,18.87,"418,146,000"
547,"Aug 2, 2022",18.12,18.94,18.09,18.53,18.50,"489,527,000"
548,"Aug 1, 2022",18.18,18.85,17.99,18.44,18.42,"476,469,000"
549,"Jul 29, 2022",17.81,18.24,17.69,18.16,18.14,"435,460,000"
550,"Jul 28, 2022",17.98,18.14,17.44,17.98,17.96,"474,646,000"
551,"Jul 27, 2022",17.03,17.94,16.91,17.79,17.77,"569,776,000"
552,"Jul 26, 2022",16.89,16.92,16.48,16.53,16.51,"397,865,000"
553,"Jul 25, 2022",17.02,17.12,16.65,17.02,17.00,"480,748,000"
554,"Jul 22, 2022",17.89,17.97,17.14,17.32,17.30,"536,671,000"
555,"Jul 21, 2022",17.89,18.14,17.55,18.05,18.03,"557,049,000"
556,"Jul 20, 2022",16.95,17.93,16.80,17.81,17.79,"760,538,000"
557,"Jul 19, 2022",16.49,17.11,16.17,16.99,16.97,"702,366,000"
558,"Jul 18, 2022",16.30,16.90,16.00,16.10,16.08,"670,517,000"
559,"Jul 15, 2022",15.66,15.78,15.44,15.76,15.74,"385,935,000"
560,"Jul 14, 2022",15.11,15.47,14.73,15.37,15.35,"456,235,000"
561,"Jul 13, 2022",14.59,15.38,14.47,15.16,15.15,"521,918,000"
562,"Jul 12, 2022",15.27,15.43,14.88,15.08,15.06,"458,483,000"
563,"Jul 11, 2022",15.53,15.53,15.04,15.15,15.13,"437,321,000"
564,"Jul 8, 2022",15.43,16.04,15.39,15.84,15.82,"467,972,000"
565,"Jul 7, 2022",15.46,15.94,15.39,15.86,15.84,"492,903,000"
566,"Jul 6, 2022",15.01,15.32,14.79,15.13,15.11,"529,066,000"
567,"Jul 5, 2022",14.18,14.97,14.06,14.96,14.95,"651,397,000"
568,"Jul 1, 2022",14.90,15.06,14.39,14.52,14.51,"577,610,000"
569,"Jun 30, 2022",15.36,15.57,14.86,15.16,15.14,"686,070,000"
570,"Jun 29, 2022",15.81,15.82,15.17,15.54,15.52,"482,352,000"
571,"Jun 28, 2022",16.90,17.20,15.94,15.98,15.96,"461,149,000"
572,"Jun 27, 2022",17.31,17.33,16.63,16.87,16.85,"427,968,000"
573,"Jun 24, 2022",16.50,17.14,16.31,17.13,17.11,"472,153,000"
574,"Jun 23, 2022",16.52,16.58,15.85,16.23,16.21,"463,680,000"
575,"Jun 22, 2022",16.23,16.66,16.18,16.36,16.34,"437,135,000"
576,"Jun 21, 2022",16.48,17.01,16.41,16.57,16.55,"483,089,000"
577,"Jun 17, 2022",15.65,15.99,15.33,15.88,15.86,"630,334,000"
578,"Jun 16, 2022",15.86,15.94,15.40,15.60,15.58,"545,749,000"
579,"Jun 15, 2022",16.09,16.87,15.93,16.53,16.51,"563,936,000"
580,"Jun 14, 2022",15.73,16.07,15.41,15.84,15.82,"469,680,000"
581,"Jun 13, 2022",16.00,16.31,15.61,15.65,15.63,"604,153,000"
582,"Jun 10, 2022",17.60,17.70,16.87,16.97,16.95,"465,248,000"
583,"Jun 9, 2022",18.48,18.93,18.04,18.05,18.03,"395,574,000"
584,"Jun 8, 2022",0.00 Dividend,,,,,
585,"Jun 8, 2022",18.80,19.18,18.53,18.65,18.63,"363,252,000"
586,"Jun 7, 2022",18.47,19.00,18.19,18.93,18.90,"388,914,000"
587,"Jun 6, 2022",19.14,19.34,18.56,18.79,18.76,"422,406,000"
588,"Jun 3, 2022",19.08,19.33,18.52,18.72,18.69,"598,779,000"
589,"Jun 2, 2022",18.29,19.62,18.20,19.59,19.56,"648,656,000"
590,"Jun 1, 2022",18.72,19.05,18.12,18.32,18.29,"544,514,000"
591,"May 31, 2022",18.98,19.20,18.35,18.67,18.65,"664,100,000"
592,"May 27, 2022",18.19,18.88,18.10,18.81,18.78,"738,379,000"
593,"May 26, 2022",16.04,18.09,16.02,17.85,17.83,"996,575,000"
594,"May 25, 2022",16.02,17.11,16.00,16.98,16.95,"781,132,000"
595,"May 24, 2022",16.51,16.60,15.78,16.15,16.13,"588,550,000"
596,"May 23, 2022",16.27,16.92,16.18,16.90,16.87,"639,889,000"
597,"May 20, 2022",17.33,17.41,15.76,16.69,16.67,"739,105,000"
598,"May 19, 2022",16.94,17.69,16.73,17.12,17.10,"621,310,000"
599,"May 18, 2022",17.70,18.12,16.86,16.94,16.91,"545,161,000"
600,"May 17, 2022",18.07,18.37,17.63,18.18,18.15,"585,830,000"
601,"May 16, 2022",17.51,17.79,17.11,17.26,17.24,"521,446,000"
602,"May 13, 2022",16.79,17.93,16.59,17.71,17.68,"670,437,000"
603,"May 12, 2022",16.22,16.79,15.57,16.17,16.15,"708,728,000"
604,"May 11, 2022",17.35,17.75,16.57,16.63,16.61,"670,167,000"
605,"May 10, 2022",17.69,18.20,17.02,17.59,17.57,"761,474,000"
606,"May 9, 2022",18.03,18.25,16.83,16.95,16.93,"644,455,000"
607,"May 6, 2022",18.74,19.51,17.99,18.67,18.65,"633,297,000"
608,"May 5, 2022",19.87,19.92,18.50,18.84,18.82,"626,331,000"
609,"May 4, 2022",19.92,20.40,18.75,20.33,20.31,"648,855,000"
610,"May 3, 2022",19.40,19.83,19.13,19.60,19.57,"475,751,000"
611,"May 2, 2022",18.54,19.57,18.39,19.53,19.51,"572,049,000"
612,"Apr 29, 2022",19.40,20.13,18.52,18.55,18.52,"500,435,000"
613,"Apr 28, 2022",18.97,20.04,18.49,19.78,19.75,"570,327,000"
614,"Apr 27, 2022",18.60,19.17,18.29,18.42,18.39,"499,460,000"
615,"Apr 26, 2022",19.72,19.79,18.67,18.79,18.76,"653,143,000"
616,"Apr 25, 2022",19.20,19.94,19.10,19.90,19.87,"641,566,000"
617,"Apr 22, 2022",20.30,20.49,19.50,19.51,19.49,"624,713,000"
618,"Apr 21, 2022",21.71,22.39,20.00,20.18,20.15,"656,209,000"
619,"Apr 20, 2022",22.52,22.67,21.20,21.48,21.45,"468,974,000"
620,"Apr 19, 2022",21.72,22.37,21.31,22.20,22.17,"512,781,000"
621,"Apr 18, 2022",21.20,22.09,21.08,21.78,21.75,"525,701,000"
622,"Apr 14, 2022",22.50,22.78,21.16,21.26,21.23,"569,097,000"
623,"Apr 13, 2022",21.73,22.50,21.45,22.20,22.17,"516,943,000"
624,"Apr 12, 2022",22.54,22.73,21.28,21.50,21.47,"662,258,000"
625,"Apr 11, 2022",22.21,22.32,21.66,21.92,21.89,"575,207,000"
626,"Apr 8, 2022",23.92,23.92,23.06,23.12,23.09,"524,781,000"
627,"Apr 7, 2022",24.44,24.72,23.48,24.21,24.17,"557,992,000"
628,"Apr 6, 2022",24.93,25.30,24.00,24.41,24.37,"703,833,000"
629,"Apr 5, 2022",27.25,27.32,25.82,25.93,25.89,"436,615,000"
630,"Apr 4, 2022",26.73,27.56,26.61,27.36,27.32,"397,120,000"
631,"Apr 1, 2022",27.38,27.50,26.27,26.71,26.67,"517,235,000"
632,"Mar 31, 2022",27.78,28.25,27.27,27.29,27.25,"523,440,000"
633,"Mar 30, 2022",28.30,28.50,27.50,27.69,27.65,"463,487,000"
634,"Mar 29, 2022",28.69,28.95,27.98,28.66,28.62,"488,984,000"
635,"Mar 28, 2022",27.76,28.25,27.21,28.22,28.18,"425,494,000"
636,"Mar 25, 2022",27.89,28.36,27.27,27.69,27.65,"579,016,000"
637,"Mar 24, 2022",26.17,28.32,25.91,28.15,28.11,"877,379,000"
638,"Mar 23, 2022",26.13,26.61,25.58,25.63,25.60,"502,120,000"
639,"Mar 22, 2022",26.73,27.24,26.07,26.52,26.49,"547,007,000"
640,"Mar 21, 2022",26.51,27.15,25.97,26.73,26.70,"591,727,000"
641,"Mar 18, 2022",24.80,26.57,24.62,26.45,26.42,"730,719,000"
642,"Mar 17, 2022",24.12,24.84,23.91,24.77,24.73,"471,941,000"
643,"Mar 16, 2022",23.50,24.60,23.17,24.50,24.46,"671,422,000"
644,"Mar 15, 2022",21.52,23.04,21.32,22.97,22.94,"491,996,000"
645,"Mar 14, 2022",21.87,22.26,21.16,21.33,21.30,"385,354,000"
646,"Mar 11, 2022",23.02,23.15,22.05,22.10,22.07,"367,209,000"
647,"Mar 10, 2022",22.53,22.79,21.88,22.66,22.63,"428,066,000"
648,"Mar 9, 2022",22.39,23.22,22.25,23.01,22.98,"492,742,000"
649,"Mar 8, 2022",21.31,22.37,20.65,21.51,21.48,"557,467,000"
650,"Mar 7, 2022",22.82,23.03,21.33,21.35,21.32,"450,821,000"
651,"Mar 4, 2022",23.38,23.68,22.48,22.94,22.90,"431,415,000"
652,"Mar 3, 2022",24.26,24.33,23.47,23.71,23.68,"365,095,000"
653,"Mar 2, 2022",0.00 Dividend,,,,,
654,"Mar 2, 2022",23.76,24.41,23.42,24.22,24.19,"389,642,000"
655,"Mar 1, 2022",24.29,24.38,23.13,23.48,23.44,"412,056,000"
656,"Feb 28, 2022",23.99,24.67,23.71,24.39,24.35,"477,319,000"
657,"Feb 25, 2022",23.72,24.22,23.38,24.16,24.12,"528,866,000"
658,"Feb 24, 2022",21.01,23.80,20.89,23.75,23.71,"735,801,000"
659,"Feb 23, 2022",23.80,24.16,22.30,22.39,22.35,"566,511,000"
660,"Feb 22, 2022",23.03,24.06,23.00,23.39,23.35,"633,422,000"
661,"Feb 18, 2022",24.67,24.99,23.10,23.64,23.60,"761,255,000"
662,"Feb 17, 2022",25.63,25.78,24.17,24.51,24.47,"810,595,000"
663,"Feb 16, 2022",26.26,26.58,25.55,26.51,26.47,"732,676,000"
664,"Feb 15, 2022",24.95,26.55,24.78,26.50,26.45,"699,869,000"
665,"Feb 14, 2022",23.93,24.88,23.75,24.27,24.23,"440,424,000"
666,"Feb 11, 2022",25.92,26.15,23.77,23.95,23.91,"605,472,000"
667,"Feb 10, 2022",26.00,26.92,25.60,25.82,25.78,"513,200,000"
668,"Feb 9, 2022",25.62,26.73,25.35,26.70,26.66,"524,282,000"
669,"Feb 8, 2022",24.36,25.23,23.98,25.11,25.07,"410,359,000"
670,"Feb 7, 2022",24.37,25.18,24.20,24.73,24.69,"376,868,000"
671,"Feb 4, 2022",23.97,24.64,23.63,24.32,24.28,"354,829,000"
672,"Feb 3, 2022",24.46,25.08,23.78,23.95,23.91,"410,178,000"
673,"Feb 2, 2022",25.79,25.82,24.55,25.24,25.20,"543,419,000"
674,"Feb 1, 2022",25.10,25.15,23.89,24.64,24.60,"518,925,000"
675,"Jan 31, 2022",23.18,24.51,23.05,24.49,24.45,"564,680,000"
676,"Jan 28, 2022",22.01,22.86,21.30,22.84,22.80,"543,774,000"
677,"Jan 27, 2022",23.57,24.00,21.67,21.94,21.91,"573,353,000"
678,"Jan 26, 2022",23.24,24.06,22.30,22.77,22.74,"755,959,000"
679,"Jan 25, 2022",22.55,22.94,22.00,22.32,22.29,"664,616,000"
680,"Jan 24, 2022",22.33,23.38,20.89,23.37,23.33,"913,982,000"
681,"Jan 21, 2022",23.51,24.82,23.26,23.37,23.34,"718,958,000"
682,"Jan 20, 2022",25.30,25.58,24.08,24.15,24.11,"435,181,000"
683,"Jan 19, 2022",26.08,26.54,25.05,25.07,25.03,"488,315,000"
684,"Jan 18, 2022",26.26,26.64,25.77,25.90,25.86,"424,270,000"
685,"Jan 14, 2022",26.30,27.20,26.21,26.94,26.90,"395,832,000"
686,"Jan 13, 2022",28.38,28.48,26.50,26.58,26.53,"540,171,000"
687,"Jan 12, 2022",28.07,28.59,27.61,28.00,27.95,"383,413,000"
688,"Jan 11, 2022",27.32,28.07,26.84,27.82,27.77,"404,089,000"
689,"Jan 10, 2022",26.58,27.47,25.64,27.40,27.36,"594,681,000"
690,"Jan 7, 2022",28.14,28.42,27.06,27.25,27.20,"409,939,000"
691,"Jan 6, 2022",27.64,28.44,27.07,28.18,28.13,"454,186,000"
692,"Jan 5, 2022",28.95,29.42,27.53,27.60,27.56,"498,064,000"
693,"Jan 4, 2022",30.28,30.47,28.35,29.29,29.24,"527,154,000"
694,"Jan 3, 2022",29.82,30.71,29.78,30.12,30.07,"391,547,000"
695,"Dec 31, 2021",29.67,30.03,29.33,29.41,29.36,"266,530,000"
696,"Dec 30, 2021",29.83,30.46,29.54,29.59,29.54,"308,864,000"
697,"Dec 29, 2021",30.27,30.55,29.37,30.00,29.95,"343,139,000"
698,"Dec 28, 2021",31.31,31.33,30.01,30.32,30.27,"420,591,000"
699,"Dec 27, 2021",29.66,31.09,29.64,30.94,30.90,"403,686,000"
700,"Dec 23, 2021",29.75,30.06,29.43,29.64,29.59,"343,022,000"
701,"Dec 22, 2021",28.89,29.56,28.45,29.40,29.35,"395,184,000"
702,"Dec 21, 2021",28.37,29.12,27.40,29.08,29.03,"524,385,000"
703,"Dec 20, 2021",27.31,28.14,27.15,27.72,27.67,"461,847,000"
704,"Dec 17, 2021",27.99,28.92,27.76,27.80,27.76,"713,758,000"
705,"Dec 16, 2021",31.15,31.16,28.09,28.39,28.34,"707,366,000"
706,"Dec 15, 2021",28.40,30.50,27.84,30.46,30.41,"698,297,000"
707,"Dec 14, 2021",27.70,28.68,27.25,28.34,28.29,"667,035,000"
708,"Dec 13, 2021",30.25,30.29,28.12,28.16,28.12,"598,344,000"
709,"Dec 10, 2021",31.15,31.31,29.86,30.20,30.15,"488,825,000"
710,"Dec 9, 2021",31.73,32.21,30.43,30.49,30.44,"488,507,000"
711,"Dec 8, 2021",32.00,32.29,31.42,31.83,31.78,"475,551,000"
712,"Dec 7, 2021",30.96,32.45,30.65,32.43,32.38,"593,053,000"
713,"Dec 6, 2021",29.88,30.24,28.04,30.04,29.99,"658,938,000"
714,"Dec 3, 2021",32.00,32.13,30.13,30.69,30.64,"544,325,000"
715,"Dec 2, 2021",31.21,32.48,31.02,32.13,32.07,"472,890,000"
716,"Dec 1, 2021",0.00 Dividend,,,,,
717,"Dec 1, 2021",33.22,33.29,31.38,31.43,31.38,"484,368,000"
718,"Nov 30, 2021",33.17,33.35,31.86,32.68,32.62,"622,066,000"
719,"Nov 29, 2021",32.37,33.41,32.04,33.38,33.32,"454,964,000"
720,"Nov 26, 2021",32.60,32.71,31.35,31.50,31.45,"283,069,000"
721,"Nov 24, 2021",31.46,32.85,30.93,32.67,32.62,"435,162,000"
722,"Nov 23, 2021",31.53,32.36,30.88,31.75,31.69,"532,163,000"
723,"Nov 22, 2021",33.52,34.65,31.90,31.96,31.90,"754,335,000"
724,"Nov 19, 2021",32.24,33.09,31.91,32.99,32.93,"533,867,000"
725,"Nov 18, 2021",32.37,32.76,31.32,31.67,31.62,"781,711,000"
726,"Nov 17, 2021",30.42,30.51,28.80,29.26,29.21,"428,508,000"
727,"Nov 16, 2021",29.76,30.39,29.71,30.20,30.15,"264,484,000"
728,"Nov 15, 2021",30.55,30.64,29.25,30.02,29.97,"384,909,000"
729,"Nov 12, 2021",30.01,30.68,29.63,30.39,30.34,"413,054,000"
730,"Nov 11, 2021",30.47,30.59,29.78,30.39,30.34,"332,172,000"
731,"Nov 10, 2021",29.36,30.85,28.78,29.46,29.41,"636,206,000"
732,"Nov 9, 2021",32.28,32.31,29.96,30.66,30.60,"646,746,000"
733,"Nov 8, 2021",30.15,31.10,29.91,30.80,30.75,"503,101,000"
734,"Nov 5, 2021",30.19,31.40,29.41,29.75,29.70,"851,260,000"
735,"Nov 4, 2021",27.23,31.36,27.12,29.80,29.75,"1,153,631,000"
736,"Nov 3, 2021",26.67,26.78,26.24,26.60,26.55,"239,910,000"
737,"Nov 2, 2021",25.82,26.68,25.80,26.40,26.36,"294,112,000"
738,"Nov 1, 2021",25.65,25.89,25.23,25.83,25.78,"265,740,000"
739,"Oct 29, 2021",25.00,25.71,25.00,25.57,25.52,"292,503,000"
740,"Oct 28, 2021",24.88,24.95,24.52,24.94,24.90,"234,204,000"
741,"Oct 27, 2021",24.47,25.09,24.28,24.45,24.41,"245,990,000"
742,"Oct 26, 2021",23.99,25.26,23.92,24.72,24.67,"485,898,000"
743,"Oct 25, 2021",22.97,23.35,22.77,23.17,23.13,"230,235,000"
744,"Oct 22, 2021",22.82,23.13,22.56,22.73,22.69,"249,384,000"
745,"Oct 21, 2021",22.10,22.71,22.08,22.69,22.65,"187,590,000"
746,"Oct 20, 2021",22.31,22.43,21.98,22.10,22.07,"146,276,000"
747,"Oct 19, 2021",22.28,22.38,22.04,22.29,22.25,"161,473,000"
748,"Oct 18, 2021",21.75,22.29,21.64,22.22,22.18,"189,494,000"
749,"Oct 15, 2021",21.81,21.93,21.66,21.86,21.82,"226,994,000"
750,"Oct 14, 2021",21.29,21.75,21.12,21.75,21.71,"243,589,000"
751,"Oct 13, 2021",20.92,20.99,20.71,20.94,20.90,"180,652,000"
752,"Oct 12, 2021",20.83,21.06,20.53,20.67,20.64,"162,134,000"
753,"Oct 11, 2021",20.58,21.06,20.51,20.69,20.66,"163,388,000"
754,"Oct 8, 2021",21.10,21.21,20.77,20.83,20.80,"151,258,000"
755,"Oct 7, 2021",21.09,21.32,20.97,21.08,21.04,"256,919,000"
756,"Oct 6, 2021",20.12,20.72,20.08,20.70,20.66,"297,202,000"
757,"Oct 5, 2021",19.95,20.65,19.85,20.45,20.42,"279,282,000"
758,"Oct 4, 2021",20.50,20.54,19.56,19.73,19.70,"345,635,000"
759,"Oct 1, 2021",20.75,20.86,20.20,20.74,20.71,"240,978,000"
760,"Sep 30, 2021",20.77,21.07,20.69,20.72,20.68,"221,009,000"
761,"Sep 29, 2021",20.94,21.02,20.47,20.52,20.48,"218,394,000"
762,"Sep 28, 2021",21.21,21.42,20.65,20.70,20.66,"343,069,000"
763,"Sep 27, 2021",21.71,21.80,21.33,21.66,21.62,"245,215,000"
764,"Sep 24, 2021",22.07,22.15,21.86,22.08,22.04,"217,655,000"
765,"Sep 23, 2021",22.14,22.53,21.89,22.48,22.44,"248,555,000"
766,"Sep 22, 2021",21.37,21.96,21.20,21.94,21.90,"268,726,000"
767,"Sep 21, 2021",21.42,21.42,20.95,21.25,21.21,"204,688,000"
768,"Sep 20, 2021",21.15,21.43,20.66,21.11,21.08,"349,440,000"
769,"Sep 17, 2021",22.30,22.32,21.83,21.90,21.86,"294,503,000"
770,"Sep 16, 2021",22.18,22.28,21.93,22.24,22.20,"156,033,000"
771,"Sep 15, 2021",22.31,22.37,21.97,22.34,22.30,"166,538,000"
772,"Sep 14, 2021",22.27,22.41,22.09,22.24,22.20,"199,755,000"
773,"Sep 13, 2021",22.68,22.96,21.86,22.15,22.11,"297,500,000"
774,"Sep 10, 2021",22.35,22.63,22.27,22.48,22.44,"248,376,000"
775,"Sep 9, 2021",22.31,22.54,22.13,22.18,22.14,"196,856,000"
776,"Sep 8, 2021",22.51,22.61,21.98,22.34,22.30,"254,434,000"
777,"Sep 7, 2021",22.83,22.90,22.52,22.66,22.62,"198,107,000"
778,"Sep 3, 2021",22.33,22.99,22.20,22.84,22.80,"280,532,000"
779,"Sep 2, 2021",22.52,22.59,22.30,22.40,22.36,"187,834,000"
780,"Sep 1, 2021",22.49,22.70,22.36,22.44,22.40,"201,767,000"
781,"Aug 31, 2021",0.00 Dividend,,,,,
782,"Aug 31, 2021",22.69,22.69,22.12,22.39,22.35,"259,850,000"
783,"Aug 30, 2021",22.83,23.04,22.55,22.69,22.65,"262,580,000"
784,"Aug 27, 2021",22.18,22.72,22.17,22.64,22.59,"304,722,000"
785,"Aug 26, 2021",22.20,22.34,21.79,22.07,22.03,"237,940,000"
786,"Aug 25, 2021",21.74,22.47,21.72,22.21,22.17,"347,701,000"
787,"Aug 24, 2021",21.75,21.96,21.53,21.79,21.75,"297,299,000"
788,"Aug 23, 2021",20.97,22.00,20.95,21.96,21.92,"575,807,000"
789,"Aug 20, 2021",19.99,20.86,19.93,20.82,20.78,"675,741,000"
790,"Aug 19, 2021",19.49,20.50,18.76,19.80,19.76,"766,555,000"
791,"Aug 18, 2021",19.50,19.63,19.00,19.04,19.00,"285,913,000"
792,"Aug 17, 2021",19.68,19.77,19.27,19.46,19.42,"204,585,000"
793,"Aug 16, 2021",20.14,20.29,19.45,19.95,19.91,"210,876,000"
794,"Aug 13, 2021",19.91,20.21,19.85,20.19,20.15,"183,063,000"
795,"Aug 12, 2021",19.87,20.03,19.62,19.91,19.87,"151,652,000"
796,"Aug 11, 2021",20.04,20.05,19.43,19.70,19.66,"185,925,000"
797,"Aug 10, 2021",20.32,20.43,19.83,19.94,19.90,"179,238,000"
798,"Aug 9, 2021",20.45,20.51,20.14,20.30,20.26,"146,443,000"
799,"Aug 6, 2021",20.52,20.57,20.21,20.37,20.33,"178,497,000"
800,"Aug 5, 2021",20.50,20.73,20.34,20.64,20.60,"211,435,000"
801,"Aug 4, 2021",19.99,20.32,19.83,20.27,20.24,"231,309,000"
802,"Aug 3, 2021",19.74,20.22,19.22,19.82,19.78,"301,811,000"
803,"Aug 2, 2021",19.70,19.96,19.36,19.75,19.71,"217,444,000"
804,"Jul 30, 2021",19.42,19.63,19.26,19.50,19.46,"183,497,000"
805,"Jul 29, 2021",19.52,19.85,19.33,19.66,19.62,"190,781,000"
806,"Jul 28, 2021",19.32,19.65,19.00,19.50,19.47,"202,191,000"
807,"Jul 27, 2021",19.26,19.62,18.74,19.21,19.17,"248,863,000"
808,"Jul 26, 2021",19.31,19.44,18.91,19.29,19.26,"203,943,000"
809,"Jul 23, 2021",19.66,19.70,19.25,19.56,19.52,"195,672,000"
810,"Jul 22, 2021",19.64,19.89,19.28,19.59,19.56,"323,826,000"
811,"Jul 21, 2021",18.88,19.53,18.74,19.41,19.37,"371,017,000"
812,"Jul 20, 2021",4:1 Stock Splits,,,,,
813,"Jul 20, 2021",18.73,18.84,18.16,18.61,18.58,"434,687,000"
814,"Jul 19, 2021",17.92,19.04,17.87,18.78,18.74,"749,060,000"
815,"Jul 16, 2021",19.03,19.16,18.07,18.16,18.13,"688,224,000"
816,"Jul 15, 2021",19.81,19.85,18.86,18.97,18.93,"550,564,000"
817,"Jul 14, 2021",20.36,20.42,19.75,19.84,19.80,"380,100,000"
818,"Jul 13, 2021",20.40,20.46,20.11,20.25,20.21,"290,708,000"
819,"Jul 12, 2021",20.24,20.53,20.19,20.51,20.47,"321,984,000"
820,"Jul 9, 2021",19.96,20.08,19.75,20.05,20.01,"296,624,000"
821,"Jul 8, 2021",19.86,20.13,19.70,19.90,19.87,"503,300,000"
822,"Jul 7, 2021",20.85,20.88,20.33,20.37,20.33,"418,428,000"
823,"Jul 6, 2021",20.74,20.84,20.35,20.70,20.66,"446,708,000"
824,"Jul 2, 2021",20.44,20.51,20.29,20.49,20.45,"342,764,000"
825,"Jul 1, 2021",20.13,20.46,20.02,20.21,20.17,"480,136,000"
826,"Jun 30, 2021",20.00,20.16,19.86,20.00,19.96,"326,568,000"
827,"Jun 29, 2021",19.88,20.10,19.66,20.03,19.99,"367,632,000"
828,"Jun 28, 2021",19.36,20.08,19.32,19.99,19.95,"495,436,000"
829,"Jun 25, 2021",19.28,19.35,18.89,19.03,19.00,"278,364,000"
830,"Jun 24, 2021",19.23,19.42,19.09,19.21,19.17,"320,924,000"
831,"Jun 23, 2021",19.01,19.15,18.91,19.06,19.02,"332,356,000"
832,"Jun 22, 2021",18.47,18.96,18.39,18.89,18.85,"580,144,000"
833,"Jun 21, 2021",18.44,18.54,17.82,18.43,18.39,"672,384,000"
834,"Jun 18, 2021",18.78,19.38,18.58,18.64,18.60,"968,856,000"
835,"Jun 17, 2021",17.77,18.83,17.76,18.66,18.62,"809,656,000"
836,"Jun 16, 2021",17.79,17.95,17.58,17.81,17.78,"307,124,000"
837,"Jun 15, 2021",17.92,18.02,17.73,17.79,17.75,"243,032,000"
838,"Jun 14, 2021",17.91,18.04,17.66,18.02,17.98,"321,376,000"
839,"Jun 11, 2021",17.48,17.94,17.44,17.83,17.79,"416,308,000"
840,"Jun 10, 2021",17.35,17.49,17.18,17.42,17.39,"287,772,000"
841,"Jun 9, 2021",0.00 Dividend,,,,,
842,"Jun 9, 2021",17.52,17.58,17.26,17.36,17.33,"381,656,000"
843,"Jun 8, 2021",17.53,17.62,17.25,17.46,17.42,"323,848,000"
844,"Jun 7, 2021",17.57,17.81,17.19,17.62,17.58,"575,756,000"
845,"Jun 4, 2021",17.11,17.66,17.10,17.58,17.54,"617,120,000"
846,"Jun 3, 2021",16.70,17.26,16.58,16.97,16.93,"580,008,000"
847,"Jun 2, 2021",16.25,16.92,16.24,16.78,16.74,"594,168,000"
848,"Jun 1, 2021",16.27,16.39,15.90,16.26,16.23,"472,804,000"
849,"May 28, 2021",15.50,16.28,15.50,16.24,16.21,"644,536,000"
850,"May 27, 2021",15.70,15.75,15.46,15.49,15.46,"581,476,000"
851,"May 26, 2021",15.73,15.79,15.59,15.70,15.67,"370,440,000"
852,"May 25, 2021",15.77,15.82,15.48,15.65,15.61,"435,408,000"
853,"May 24, 2021",15.21,15.74,15.18,15.61,15.58,"554,816,000"
854,"May 21, 2021",15.16,15.22,14.87,14.99,14.96,"672,992,000"
855,"May 20, 2021",14.30,14.68,14.27,14.61,14.58,"321,592,000"
856,"May 19, 2021",13.57,14.08,13.54,14.07,14.04,"344,000,000"
857,"May 18, 2021",14.27,14.40,14.00,14.02,13.99,"186,256,000"
858,"May 17, 2021",14.16,14.17,13.85,14.17,14.14,"216,980,000"
859,"May 14, 2021",13.89,14.33,13.75,14.24,14.21,"258,616,000"
860,"May 13, 2021",14.03,14.08,13.46,13.67,13.64,"285,404,000"
861,"May 12, 2021",14.01,14.26,13.71,13.76,13.73,"303,408,000"
862,"May 11, 2021",13.82,14.35,13.75,14.31,14.28,"285,584,000"
863,"May 10, 2021",14.79,14.81,14.25,14.27,14.24,"268,904,000"
864,"May 7, 2021",14.81,14.97,14.67,14.81,14.78,"229,328,000"
865,"May 6, 2021",14.50,14.57,14.22,14.52,14.49,"193,380,000"
866,"May 5, 2021",14.71,14.81,14.39,14.46,14.43,"292,024,000"
867,"May 4, 2021",14.64,14.64,14.01,14.35,14.32,"405,324,000"
868,"May 3, 2021",15.13,15.25,14.79,14.84,14.81,"203,912,000"
869,"Apr 30, 2021",15.17,15.36,15.00,15.01,14.98,"201,912,000"
870,"Apr 29, 2021",15.40,15.44,15.07,15.32,15.29,"173,196,000"
871,"Apr 28, 2021",15.36,15.53,15.22,15.28,15.24,"209,416,000"
872,"Apr 27, 2021",15.58,15.67,15.35,15.38,15.35,"164,572,000"
873,"Apr 26, 2021",15.19,15.48,15.13,15.48,15.45,"197,796,000"
874,"Apr 23, 2021",14.93,15.34,14.90,15.27,15.23,"227,500,000"
875,"Apr 22, 2021",15.38,15.44,14.78,14.85,14.82,"277,788,000"
876,"Apr 21, 2021",15.12,15.36,15.10,15.36,15.33,"216,776,000"
877,"Apr 20, 2021",15.32,15.50,14.96,15.17,15.14,"334,132,000"
878,"Apr 19, 2021",15.54,15.81,15.23,15.36,15.33,"404,420,000"
879,"Apr 16, 2021",16.05,16.17,15.87,15.91,15.88,"335,208,000"
880,"Apr 15, 2021",15.66,16.21,15.63,16.14,16.10,"598,480,000"
881,"Apr 14, 2021",15.63,15.72,15.23,15.28,15.24,"385,500,000"
882,"Apr 13, 2021",15.23,15.70,15.13,15.68,15.65,"676,212,000"
883,"Apr 12, 2021",14.29,15.35,14.14,15.21,15.18,"869,324,000"
884,"Apr 9, 2021",14.21,14.41,14.18,14.40,14.37,"195,172,000"
885,"Apr 8, 2021",14.25,14.47,14.25,14.32,14.29,"244,416,000"
886,"Apr 7, 2021",13.88,14.24,13.71,14.14,14.11,"251,284,000"
887,"Apr 6, 2021",14.00,14.05,13.77,13.86,13.83,"191,744,000"
888,"Apr 5, 2021",13.87,14.01,13.73,13.99,13.96,"255,672,000"
889,"Apr 1, 2021",13.57,13.87,13.51,13.81,13.78,"308,276,000"
890,"Mar 31, 2021",13.02,13.47,12.98,13.35,13.32,"314,776,000"
891,"Mar 30, 2021",12.84,12.98,12.70,12.87,12.84,"200,204,000"
892,"Mar 29, 2021",12.82,13.06,12.70,12.95,12.92,"273,520,000"
893,"Mar 26, 2021",12.55,12.86,12.37,12.84,12.81,"363,968,000"
894,"Mar 25, 2021",12.50,12.71,12.27,12.54,12.51,"295,144,000"
895,"Mar 24, 2021",13.15,13.16,12.64,12.64,12.62,"245,840,000"
896,"Mar 23, 2021",13.25,13.34,13.02,13.07,13.04,"222,048,000"
897,"Mar 22, 2021",12.91,13.39,12.91,13.19,13.16,"297,804,000"
898,"Mar 19, 2021",12.75,12.92,12.61,12.85,12.82,"299,208,000"
899,"Mar 18, 2021",13.14,13.18,12.72,12.72,12.70,"293,896,000"
900,"Mar 17, 2021",13.04,13.45,12.99,13.34,13.31,"243,864,000"
901,"Mar 16, 2021",13.36,13.51,13.12,13.29,13.26,"272,128,000"
902,"Mar 15, 2021",12.86,13.21,12.77,13.19,13.16,"221,988,000"
903,"Mar 12, 2021",12.65,12.89,12.59,12.86,12.83,"243,964,000"
904,"Mar 11, 2021",12.95,13.05,12.73,12.99,12.97,"299,916,000"
905,"Mar 10, 2021",12.84,12.98,12.46,12.47,12.44,"384,376,000"
906,"Mar 9, 2021",0.00 Dividend,,,,,
907,"Mar 9, 2021",12.13,12.62,12.06,12.52,12.49,"521,824,000"
908,"Mar 8, 2021",12.45,12.47,11.57,11.59,11.56,"543,112,000"
909,"Mar 5, 2021",12.55,12.55,11.68,12.46,12.43,"542,840,000"
910,"Mar 4, 2021",12.80,12.98,12.08,12.37,12.34,"573,344,000"
911,"Mar 3, 2021",13.43,13.45,12.80,12.80,12.77,"377,592,000"
912,"Mar 2, 2021",13.90,13.92,13.40,13.41,13.37,"264,116,000"
913,"Mar 1, 2021",13.88,13.93,13.55,13.84,13.81,"353,184,000"
914,"Feb 26, 2021",13.75,13.85,13.36,13.71,13.68,"500,932,000"
915,"Feb 25, 2021",14.05,14.37,13.22,13.31,13.27,"824,436,000"
916,"Feb 24, 2021",14.12,14.51,13.76,14.50,14.46,"448,320,000"
917,"Feb 23, 2021",14.08,14.24,13.39,14.14,14.11,"391,780,000"
918,"Feb 22, 2021",14.77,15.13,14.32,14.36,14.32,"325,884,000"
919,"Feb 19, 2021",15.02,15.18,14.85,14.93,14.89,"271,724,000"
920,"Feb 18, 2021",14.73,14.87,14.57,14.83,14.79,"233,868,000"
921,"Feb 17, 2021",15.17,15.22,14.78,14.91,14.87,"274,756,000"
922,"Feb 16, 2021",15.06,15.37,14.95,15.33,15.29,"321,960,000"
923,"Feb 12, 2021",15.05,15.29,14.77,14.96,14.92,"374,756,000"
924,"Feb 11, 2021",14.98,15.27,14.93,15.25,15.21,"450,828,000"
925,"Feb 10, 2021",14.46,14.90,14.34,14.76,14.73,"485,352,000"
926,"Feb 9, 2021",14.34,14.58,14.22,14.26,14.23,"287,560,000"
927,"Feb 8, 2021",13.73,14.47,13.73,14.44,14.40,"434,624,000"
928,"Feb 5, 2021",13.73,13.74,13.55,13.59,13.56,"169,152,000"
929,"Feb 4, 2021",13.53,13.67,13.34,13.66,13.63,"201,340,000"
930,"Feb 3, 2021",13.64,13.93,13.52,13.53,13.50,"245,408,000"
931,"Feb 2, 2021",13.40,13.57,13.29,13.56,13.52,"220,440,000"
932,"Feb 1, 2021",13.05,13.27,12.90,13.24,13.20,"217,204,000"
933,"Jan 29, 2021",13.07,13.33,12.91,12.99,12.96,"271,552,000"
934,"Jan 28, 2021",13.00,13.34,12.96,13.05,13.02,"228,316,000"
935,"Jan 27, 2021",13.23,13.23,12.79,12.92,12.89,"371,272,000"
936,"Jan 26, 2021",13.58,13.64,13.39,13.44,13.40,"163,980,000"
937,"Jan 25, 2021",13.78,13.83,13.24,13.65,13.62,"251,112,000"
938,"Jan 22, 2021",13.74,13.84,13.63,13.71,13.68,"246,820,000"
939,"Jan 21, 2021",13.42,14.00,13.25,13.87,13.83,"337,780,000"
940,"Jan 20, 2021",13.11,13.43,13.06,13.37,13.33,"258,572,000"
941,"Jan 19, 2021",13.02,13.09,12.84,13.03,12.99,"226,188,000"
942,"Jan 15, 2021",13.23,13.33,12.85,12.86,12.83,"277,780,000"
943,"Jan 14, 2021",13.57,13.60,13.18,13.20,13.17,"283,120,000"
944,"Jan 13, 2021",13.49,13.63,13.39,13.53,13.50,"210,028,000"
945,"Jan 12, 2021",13.75,13.75,13.35,13.48,13.45,"291,476,000"
946,"Jan 11, 2021",13.42,13.96,13.36,13.62,13.59,"518,344,000"
947,"Jan 8, 2021",13.36,13.42,13.04,13.28,13.24,"292,528,000"
948,"Jan 7, 2021",12.97,13.38,12.89,13.34,13.31,"461,480,000"
949,"Jan 6, 2021",13.22,13.24,12.59,12.61,12.58,"580,424,000"
950,"Jan 5, 2021",13.10,13.44,13.09,13.40,13.37,"322,760,000"
951,"Jan 4, 2021",13.10,13.65,12.96,13.11,13.08,"560,640,000"
952,"Dec 31, 2020",13.14,13.15,12.91,13.06,13.02,"192,424,000"
953,"Dec 30, 2020",12.99,13.21,12.90,13.15,13.11,"225,396,000"
954,"Dec 29, 2020",12.93,13.07,12.84,12.94,12.91,"170,372,000"
955,"Dec 28, 2020",13.06,13.06,12.76,12.90,12.87,"212,564,000"
956,"Dec 24, 2020",13.04,13.13,12.94,12.99,12.96,"97,884,000"
957,"Dec 23, 2020",13.26,13.27,13.01,13.01,12.98,"179,144,000"
958,"Dec 22, 2020",13.32,13.34,13.05,13.28,13.25,"185,580,000"
959,"Dec 21, 2020",13.07,13.37,12.97,13.33,13.30,"302,332,000"
960,"Dec 18, 2020",13.38,13.40,13.07,13.27,13.24,"342,064,000"
961,"Dec 17, 2020",13.37,13.38,13.18,13.34,13.31,"231,384,000"
962,"Dec 16, 2020",13.42,13.44,13.21,13.24,13.21,"223,116,000"
963,"Dec 15, 2020",13.44,13.46,13.19,13.36,13.33,"193,016,000"
964,"Dec 14, 2020",13.09,13.39,13.08,13.31,13.28,"270,156,000"
965,"Dec 11, 2020",12.97,13.02,12.82,13.01,12.98,"209,264,000"
966,"Dec 10, 2020",12.87,13.07,12.85,12.97,12.94,"207,764,000"
967,"Dec 9, 2020",13.30,13.41,12.87,12.93,12.90,"401,300,000"
968,"Dec 8, 2020",13.59,13.60,13.28,13.35,13.32,"271,920,000"
969,"Dec 7, 2020",13.60,13.73,13.50,13.61,13.57,"223,244,000"
970,"Dec 4, 2020",13.45,13.56,13.39,13.56,13.52,"202,244,000"
971,"Dec 3, 2020",0.00 Dividend,,,,,
972,"Dec 3, 2020",13.59,13.66,13.33,13.40,13.36,"199,520,000"
973,"Dec 2, 2020",13.35,13.67,13.23,13.54,13.51,"283,360,000"
974,"Dec 1, 2020",13.49,13.53,13.23,13.39,13.35,"296,948,000"
975,"Nov 30, 2020",13.27,13.41,12.97,13.40,13.36,"286,952,000"
976,"Nov 27, 2020",13.38,13.41,13.17,13.26,13.22,"167,276,000"
977,"Nov 25, 2020",13.03,13.27,13.02,13.23,13.20,"259,916,000"
978,"Nov 24, 2020",13.14,13.16,12.89,12.96,12.92,"346,500,000"
979,"Nov 23, 2020",13.17,13.38,13.02,13.14,13.10,"361,356,000"
980,"Nov 20, 2020",13.45,13.49,13.06,13.09,13.05,"341,088,000"
981,"Nov 19, 2020",13.21,13.49,13.10,13.44,13.40,"565,936,000"
982,"Nov 18, 2020",13.47,13.61,13.19,13.43,13.39,"510,924,000"
983,"Nov 17, 2020",13.55,13.60,13.30,13.42,13.39,"312,028,000"
984,"Nov 16, 2020",13.17,13.65,13.16,13.52,13.48,"413,776,000"
985,"Nov 13, 2020",13.63,13.67,13.06,13.30,13.26,"346,312,000"
986,"Nov 12, 2020",13.48,13.77,13.32,13.46,13.42,"365,812,000"
987,"Nov 11, 2020",13.05,13.44,12.95,13.42,13.38,"404,744,000"
988,"Nov 10, 2020",13.61,13.61,12.63,12.77,12.73,"644,068,000"
989,"Nov 9, 2020",14.55,14.69,13.61,13.63,13.59,"582,976,000"
990,"Nov 6, 2020",14.11,14.59,13.90,14.56,14.52,"383,348,000"
991,"Nov 5, 2020",14.16,14.34,13.99,14.16,14.12,"319,028,000"
992,"Nov 4, 2020",13.39,13.83,13.34,13.79,13.76,"410,228,000"
993,"Nov 3, 2020",12.71,13.10,12.60,13.02,12.98,"272,900,000"
994,"Nov 2, 2020",12.66,12.84,12.40,12.58,12.55,"299,652,000"
995,"Oct 30, 2020",12.85,12.94,12.30,12.53,12.50,"416,820,000"
996,"Oct 29, 2020",12.84,13.19,12.75,13.02,12.99,"320,080,000"
997,"Oct 28, 2020",13.20,13.26,12.61,12.63,12.59,"376,520,000"
998,"Oct 27, 2020",13.31,13.44,13.19,13.40,13.36,"250,520,000"
999,"Oct 26, 2020",13.43,13.69,13.04,13.14,13.11,"336,896,000"
1000,"Oct 23, 2020",13.45,13.59,13.29,13.59,13.55,"233,484,000"
1001,"Oct 22, 2020",13.52,13.61,13.23,13.36,13.32,"290,480,000"
1002,"Oct 21, 2020",13.63,13.79,13.48,13.52,13.49,"219,596,000"
1003,"Oct 20, 2020",13.58,13.80,13.51,13.65,13.61,"229,212,000"
1004,"Oct 19, 2020",13.90,13.98,13.41,13.50,13.46,"298,068,000"
1005,"Oct 16, 2020",14.04,14.12,13.79,13.81,13.77,"242,392,000"
1006,"Oct 15, 2020",13.81,14.01,13.77,13.97,13.93,"267,224,000"
1007,"Oct 14, 2020",14.29,14.34,13.96,14.10,14.06,"276,100,000"
1008,"Oct 13, 2020",14.30,14.35,14.02,14.25,14.21,"344,604,000"
1009,"Oct 12, 2020",13.99,14.35,13.91,14.23,14.19,"434,744,000"
1010,"Oct 9, 2020",13.77,13.82,13.66,13.76,13.72,"346,892,000"
1011,"Oct 8, 2020",14.07,14.08,13.76,13.84,13.80,"378,900,000"
1012,"Oct 7, 2020",14.00,14.12,13.86,13.96,13.93,"418,084,000"
1013,"Oct 6, 2020",13.83,14.14,13.66,13.74,13.70,"784,420,000"
1014,"Oct 5, 2020",13.24,13.64,13.22,13.64,13.60,"479,820,000"
1015,"Oct 2, 2020",13.23,13.52,13.05,13.06,13.03,"552,496,000"
1016,"Oct 1, 2020",13.76,13.76,13.46,13.61,13.58,"525,004,000"
1017,"Sep 30, 2020",13.16,13.62,13.15,13.53,13.49,"689,184,000"
1018,"Sep 29, 2020",12.94,13.44,12.93,13.23,13.19,"621,460,000"
1019,"Sep 28, 2020",13.04,13.05,12.75,13.03,13.00,"573,808,000"
1020,"Sep 25, 2020",12.45,12.88,12.25,12.87,12.84,"588,016,000"
1021,"Sep 24, 2020",12.07,12.57,12.01,12.35,12.31,"731,240,000"
1022,"Sep 23, 2020",12.58,12.73,12.08,12.12,12.09,"647,012,000"
1023,"Sep 22, 2020",12.57,12.65,12.16,12.64,12.60,"646,452,000"
1024,"Sep 21, 2020",11.93,12.52,11.90,12.52,12.48,"721,044,000"
1025,"Sep 18, 2020",12.59,12.63,11.99,12.19,12.16,"698,460,000"
1026,"Sep 17, 2020",12.13,12.59,12.03,12.46,12.43,"792,512,000"
1027,"Sep 16, 2020",12.96,13.09,12.51,12.51,12.48,"556,384,000"
1028,"Sep 15, 2020",13.28,13.30,12.83,12.99,12.96,"727,556,000"
1029,"Sep 14, 2020",13.08,13.31,12.63,12.87,12.84,"1,201,744,000"
1030,"Sep 11, 2020",12.49,12.65,11.90,12.16,12.13,"636,928,000"
1031,"Sep 10, 2020",12.99,13.07,12.17,12.31,12.28,"698,684,000"
1032,"Sep 9, 2020",12.40,12.81,12.23,12.72,12.68,"736,200,000"
1033,"Sep 8, 2020",11.73,12.55,11.70,11.91,11.88,"795,728,000"
1034,"Sep 4, 2020",12.78,13.18,11.70,12.62,12.59,"1,463,684,000"
1035,"Sep 3, 2020",13.83,13.88,12.88,13.02,12.98,"945,128,000"
1036,"Sep 2, 2020",14.70,14.73,13.90,14.35,14.31,"874,012,000"
1037,"Sep 1, 2020",0.00 Dividend,,,,,
1038,"Sep 1, 2020",13.48,13.99,13.44,13.82,13.78,"511,316,000"
1039,"Aug 31, 2020",13.18,13.57,13.04,13.37,13.33,"500,840,000"
1040,"Aug 28, 2020",12.68,13.15,12.64,13.15,13.11,"537,160,000"
1041,"Aug 27, 2020",12.78,12.85,12.57,12.63,12.59,"317,604,000"
1042,"Aug 26, 2020",12.80,12.87,12.68,12.77,12.73,"321,244,000"
1043,"Aug 25, 2020",12.63,12.76,12.57,12.75,12.71,"289,076,000"
1044,"Aug 24, 2020",12.88,12.91,12.51,12.72,12.68,"490,564,000"
1045,"Aug 21, 2020",12.20,12.81,12.20,12.68,12.64,"999,868,000"
1046,"Aug 20, 2020",11.98,12.38,11.88,12.14,12.10,"921,388,000"
1047,"Aug 19, 2020",12.30,12.31,12.10,12.14,12.10,"622,624,000"
1048,"Aug 18, 2020",12.45,12.50,12.09,12.26,12.22,"503,448,000"
1049,"Aug 17, 2020",11.85,12.41,11.82,12.34,12.30,"621,300,000"
1050,"Aug 14, 2020",11.53,11.70,11.44,11.56,11.53,"366,436,000"
1051,"Aug 13, 2020",11.55,11.72,11.36,11.44,11.41,"374,460,000"
1052,"Aug 12, 2020",10.99,11.47,10.96,11.44,11.41,"464,412,000"
1053,"Aug 11, 2020",11.07,11.14,10.80,10.85,10.82,"354,512,000"
1054,"Aug 10, 2020",11.33,11.41,10.86,11.16,11.13,"427,796,000"
1055,"Aug 7, 2020",11.31,11.50,11.04,11.20,11.17,"342,516,000"
1056,"Aug 6, 2020",11.35,11.36,11.18,11.34,11.30,"244,316,000"
1057,"Aug 5, 2020",11.24,11.37,11.17,11.29,11.25,"249,924,000"
1058,"Aug 4, 2020",11.05,11.23,10.91,11.23,11.19,"310,336,000"
1059,"Aug 3, 2020",10.73,11.10,10.72,11.01,10.98,"412,720,000"
1060,"Jul 31, 2020",10.56,10.77,10.43,10.61,10.58,"386,080,000"
1061,"Jul 30, 2020",10.38,10.62,10.30,10.61,10.58,"308,880,000"
1062,"Jul 29, 2020",10.39,10.52,10.35,10.47,10.43,"284,508,000"
1063,"Jul 28, 2020",10.37,10.38,10.21,10.22,10.18,"271,636,000"
1064,"Jul 27, 2020",10.23,10.44,10.22,10.42,10.39,"292,132,000"
1065,"Jul 24, 2020",9.88,10.36,9.78,10.19,10.16,"473,292,000"
1066,"Jul 23, 2020",10.45,10.55,10.03,10.13,10.10,"411,660,000"
1067,"Jul 22, 2020",10.37,10.60,10.29,10.44,10.41,"367,292,000"
1068,"Jul 21, 2020",10.51,10.56,10.29,10.33,10.30,"277,036,000"
1069,"Jul 20, 2020",10.27,10.53,10.16,10.51,10.48,"284,852,000"
1070,"Jul 17, 2020",10.23,10.25,10.09,10.20,10.17,"266,284,000"
1071,"Jul 16, 2020",10.02,10.21,9.90,10.13,10.10,"344,964,000"
1072,"Jul 15, 2020",10.41,10.43,10.06,10.23,10.20,"403,984,000"
1073,"Jul 14, 2020",10.07,10.40,9.79,10.38,10.35,"542,676,000"
1074,"Jul 13, 2020",10.60,10.79,10.02,10.05,10.02,"457,076,000"
1075,"Jul 10, 2020",10.59,10.66,10.38,10.48,10.45,"497,676,000"
1076,"Jul 9, 2020",10.38,10.57,10.23,10.51,10.48,"494,548,000"
1077,"Jul 8, 2020",9.99,10.23,9.97,10.22,10.18,"365,480,000"
1078,"Jul 7, 2020",9.95,10.07,9.85,9.87,9.84,"357,800,000"
1079,"Jul 6, 2020",9.74,9.91,9.71,9.84,9.81,"315,892,000"
1080,"Jul 2, 2020",9.64,9.74,9.58,9.61,9.58,"364,056,000"
1081,"Jul 1, 2020",9.52,9.58,9.41,9.53,9.50,"326,648,000"
1082,"Jun 30, 2020",9.31,9.53,9.27,9.50,9.47,"367,892,000"
1083,"Jun 29, 2020",9.17,9.20,8.90,9.20,9.17,"342,248,000"
1084,"Jun 26, 2020",9.50,9.50,9.13,9.15,9.13,"592,084,000"
1085,"Jun 25, 2020",9.36,9.51,9.18,9.49,9.46,"376,072,000"
1086,"Jun 24, 2020",9.48,9.56,9.14,9.24,9.21,"449,372,000"
1087,"Jun 23, 2020",9.55,9.64,9.41,9.45,9.42,"375,108,000"
1088,"Jun 22, 2020",9.30,9.53,9.27,9.53,9.50,"398,468,000"
1089,"Jun 19, 2020",9.24,9.44,9.23,9.26,9.23,"524,160,000"
1090,"Jun 18, 2020",9.23,9.28,9.11,9.22,9.19,"254,408,000"
1091,"Jun 17, 2020",9.11,9.30,9.07,9.24,9.21,"408,304,000"
1092,"Jun 16, 2020",9.23,9.27,8.84,9.07,9.04,"535,716,000"
1093,"Jun 15, 2020",8.82,9.18,8.74,9.17,9.15,"400,004,000"
1094,"Jun 12, 2020",9.16,9.19,8.70,8.93,8.91,"570,908,000"
1095,"Jun 11, 2020",9.15,9.26,8.79,8.80,8.77,"583,652,000"
1096,"Jun 10, 2020",9.17,9.50,9.15,9.37,9.34,"632,180,000"
1097,"Jun 9, 2020",8.80,9.11,8.75,9.05,9.02,"468,488,000"
1098,"Jun 8, 2020",8.88,8.89,8.69,8.81,8.78,"387,736,000"
1099,"Jun 5, 2020",8.79,9.00,8.71,8.92,8.89,"481,748,000"
1100,"Jun 4, 2020",0.00 Dividend,,,,,
1101,"Jun 4, 2020",8.73,8.94,8.68,8.77,8.74,"424,280,000"
1102,"Jun 3, 2020",8.82,8.87,8.70,8.77,8.74,"365,440,000"
1103,"Jun 2, 2020",8.80,8.84,8.66,8.83,8.79,"391,320,000"
1104,"Jun 1, 2020",8.83,8.84,8.69,8.81,8.78,"389,876,000"
1105,"May 29, 2020",8.55,8.88,8.48,8.88,8.84,"745,256,000"
1106,"May 28, 2020",8.41,8.76,8.38,8.49,8.46,"734,896,000"
1107,"May 27, 2020",8.63,8.63,8.00,8.53,8.50,"1,175,892,000"
1108,"May 26, 2020",9.16,9.18,8.67,8.72,8.69,"770,780,000"
1109,"May 22, 2020",8.83,9.09,8.71,9.03,8.99,"1,038,764,000"
1110,"May 21, 2020",9.05,9.05,8.74,8.78,8.74,"761,068,000"
1111,"May 20, 2020",8.99,9.04,8.89,8.97,8.94,"587,536,000"
1112,"May 19, 2020",8.79,9.09,8.76,8.81,8.77,"717,320,000"
1113,"May 18, 2020",8.76,8.92,8.68,8.75,8.72,"774,460,000"
1114,"May 15, 2020",7.89,8.50,7.87,8.49,8.46,"987,660,000"
1115,"May 14, 2020",7.84,8.04,7.69,8.03,8.00,"602,312,000"
1116,"May 13, 2020",7.92,8.08,7.59,7.78,7.75,"625,852,000"
1117,"May 12, 2020",8.12,8.17,7.79,7.80,7.78,"493,060,000"
1118,"May 11, 2020",7.81,8.11,7.78,8.07,8.04,"469,060,000"
1119,"May 8, 2020",7.69,7.82,7.66,7.81,7.79,"339,216,000"
1120,"May 7, 2020",7.58,7.69,7.53,7.62,7.59,"373,732,000"
1121,"May 6, 2020",7.42,7.55,7.39,7.44,7.42,"323,464,000"
1122,"May 5, 2020",7.39,7.51,7.28,7.34,7.32,"368,896,000"
1123,"May 4, 2020",7.02,7.30,7.02,7.28,7.26,"317,556,000"
1124,"May 1, 2020",7.11,7.22,7.02,7.07,7.04,"342,096,000"
1125,"Apr 30, 2020",7.41,7.46,7.29,7.31,7.28,"375,916,000"
1126,"Apr 29, 2020",7.42,7.51,7.34,7.46,7.44,"379,160,000"
1127,"Apr 28, 2020",7.57,7.61,7.28,7.28,7.26,"442,904,000"
1128,"Apr 27, 2020",7.37,7.59,7.35,7.43,7.40,"479,388,000"
1129,"Apr 24, 2020",7.09,7.24,7.01,7.24,7.21,"352,328,000"
1130,"Apr 23, 2020",7.20,7.33,7.07,7.10,7.08,"424,160,000"
1131,"Apr 22, 2020",6.93,7.20,6.89,7.15,7.13,"483,356,000"
1132,"Apr 21, 2020",7.06,7.12,6.68,6.74,6.71,"735,160,000"
1133,"Apr 20, 2020",7.18,7.34,7.13,7.18,7.15,"449,388,000"
1134,"Apr 17, 2020",7.45,7.47,7.17,7.31,7.28,"539,120,000"
1135,"Apr 16, 2020",7.18,7.47,7.16,7.37,7.34,"745,620,000"
1136,"Apr 15, 2020",6.93,7.10,6.88,7.02,7.00,"366,148,000"
1137,"Apr 14, 2020",6.88,7.13,6.85,7.10,7.07,"530,948,000"
1138,"Apr 13, 2020",6.51,6.76,6.43,6.75,6.72,"398,408,000"
1139,"Apr 9, 2020",6.80,6.82,6.51,6.57,6.55,"525,564,000"
1140,"Apr 8, 2020",6.59,6.70,6.51,6.67,6.65,"542,444,000"
1141,"Apr 7, 2020",6.93,6.96,6.43,6.48,6.45,"784,520,000"
1142,"Apr 6, 2020",6.38,6.75,6.32,6.71,6.69,"727,884,000"
1143,"Apr 3, 2020",6.35,6.39,5.96,6.10,6.08,"663,212,000"
1144,"Apr 2, 2020",6.11,6.40,6.06,6.39,6.36,"675,764,000"
1145,"Apr 1, 2020",6.39,6.54,6.03,6.08,6.06,"656,912,000"
1146,"Mar 31, 2020",6.68,6.89,6.44,6.59,6.57,"949,960,000"
1147,"Mar 30, 2020",6.38,6.65,6.34,6.64,6.62,"602,252,000"
1148,"Mar 27, 2020",6.25,6.58,6.22,6.32,6.30,"638,828,000"
1149,"Mar 26, 2020",6.35,6.56,6.25,6.43,6.41,"696,108,000"
1150,"Mar 25, 2020",6.34,6.55,6.09,6.14,6.12,"793,432,000"
1151,"Mar 24, 2020",5.72,6.32,5.70,6.23,6.21,"1,101,644,000"
1152,"Mar 23, 2020",5.14,5.41,4.96,5.32,5.30,"643,876,000"
1153,"Mar 20, 2020",5.47,5.76,5.13,5.14,5.13,"804,636,000"
1154,"Mar 19, 2020",5.05,5.42,4.83,5.32,5.31,"765,512,000"
1155,"Mar 18, 2020",5.00,5.25,4.52,5.07,5.05,"874,268,000"
1156,"Mar 17, 2020",5.02,5.52,4.78,5.43,5.41,"833,632,000"
1157,"Mar 16, 2020",5.31,5.65,4.85,4.91,4.89,"726,972,000"
1158,"Mar 13, 2020",5.76,6.03,5.49,6.02,6.00,"634,836,000"
1159,"Mar 12, 2020",5.64,5.90,5.39,5.41,5.39,"816,540,000"
1160,"Mar 11, 2020",6.39,6.41,6.06,6.16,6.14,"499,964,000"
1161,"Mar 10, 2020",6.41,6.53,6.15,6.53,6.50,"580,648,000"
1162,"Mar 9, 2020",6.00,6.49,5.95,6.14,6.11,"614,160,000"
1163,"Mar 6, 2020",6.65,6.71,6.45,6.65,6.63,"515,412,000"
1164,"Mar 5, 2020",6.91,7.08,6.79,6.83,6.81,"540,328,000"
1165,"Mar 4, 2020",6.76,7.12,6.68,7.11,7.09,"597,408,000"
1166,"Mar 3, 2020",6.97,7.03,6.56,6.65,6.62,"652,792,000"
1167,"Mar 2, 2020",6.92,6.94,6.53,6.91,6.89,"890,744,000"
1168,"Feb 28, 2020",6.06,6.81,6.04,6.75,6.73,"1,133,252,000"
1169,"Feb 27, 2020",0.00 Dividend,,,,,
1170,"Feb 27, 2020",6.37,6.68,6.22,6.32,6.29,"906,416,000"
1171,"Feb 26, 2020",6.55,6.89,6.55,6.69,6.66,"747,732,000"
1172,"Feb 25, 2020",6.91,6.97,6.45,6.55,6.52,"1,055,496,000"
1173,"Feb 24, 2020",6.75,7.05,6.70,6.83,6.80,"856,916,000"
1174,"Feb 21, 2020",7.60,7.63,7.27,7.35,7.32,"768,180,000"
1175,"Feb 20, 2020",7.82,7.91,7.41,7.72,7.69,"810,052,000"
1176,"Feb 19, 2020",7.54,7.89,7.54,7.87,7.84,"694,332,000"
1177,"Feb 18, 2020",7.14,7.43,7.12,7.41,7.38,"620,164,000"
1178,"Feb 14, 2020",7.18,7.37,7.15,7.24,7.22,"1,041,924,000"
1179,"Feb 13, 2020",6.76,6.84,6.73,6.77,6.74,"528,016,000"
1180,"Feb 12, 2020",6.75,6.82,6.71,6.81,6.79,"374,644,000"
1181,"Feb 11, 2020",6.68,6.81,6.62,6.70,6.67,"638,556,000"
1182,"Feb 10, 2020",6.31,6.57,6.31,6.57,6.55,"529,608,000"
1183,"Feb 7, 2020",6.32,6.34,6.26,6.29,6.26,"189,752,000"
1184,"Feb 6, 2020",6.30,6.36,6.22,6.36,6.33,"218,284,000"
1185,"Feb 5, 2020",6.30,6.31,6.19,6.27,6.24,"208,220,000"
1186,"Feb 4, 2020",6.15,6.20,6.10,6.18,6.15,"271,544,000"
1187,"Feb 3, 2020",5.89,6.03,5.89,6.01,5.98,"255,564,000"
1188,"Jan 31, 2020",6.10,6.11,5.87,5.91,5.89,"370,420,000"
1189,"Jan 30, 2020",6.04,6.16,5.99,6.15,6.12,"290,504,000"
1190,"Jan 29, 2020",6.18,6.22,6.10,6.14,6.11,"258,848,000"
1191,"Jan 28, 2020",6.07,6.23,6.02,6.20,6.17,"310,976,000"
1192,"Jan 27, 2020",5.96,6.06,5.81,6.01,5.98,"470,536,000"
1193,"Jan 24, 2020",6.44,6.49,6.21,6.26,6.24,"373,512,000"
1194,"Jan 23, 2020",6.29,6.33,6.20,6.32,6.30,"244,516,000"
1195,"Jan 22, 2020",6.24,6.34,6.22,6.25,6.23,"239,240,000"
1196,"Jan 21, 2020",6.20,6.23,6.16,6.20,6.17,"217,916,000"
1197,"Jan 17, 2020",6.24,6.25,6.18,6.23,6.21,"253,792,000"
1198,"Jan 16, 2020",6.19,6.23,6.17,6.22,6.20,"284,192,000"
1199,"Jan 15, 2020",6.19,6.22,6.11,6.14,6.11,"263,104,000"
1200,"Jan 14, 2020",6.26,6.28,6.17,6.18,6.16,"359,088,000"
1201,"Jan 13, 2020",6.19,6.32,6.17,6.30,6.27,"319,840,000"
1202,"Jan 10, 2020",6.18,6.21,6.09,6.11,6.08,"316,296,000"
1203,"Jan 9, 2020",6.10,6.15,6.02,6.08,6.05,"255,112,000"
1204,"Jan 8, 2020",5.99,6.05,5.95,6.01,5.98,"277,108,000"
1205,"Jan 7, 2020",5.95,6.04,5.91,6.00,5.97,"314,856,000"
1206,"Jan 6, 2020",5.81,5.93,5.78,5.93,5.90,"262,636,000"
1207,"Jan 3, 2020",5.88,5.95,5.85,5.90,5.88,"205,384,000"
1208,"Jan 2, 2020",5.97,6.00,5.92,6.00,5.97,"237,536,000"
1209,"Dec 31, 2019",5.77,5.89,5.75,5.88,5.86,"231,004,000"
1210,"Dec 30, 2019",5.90,5.91,5.78,5.81,5.78,"258,056,000"
1211,"Dec 27, 2019",5.99,6.01,5.90,5.92,5.90,"254,644,000"
1212,"Dec 26, 2019",5.97,6.01,5.95,5.98,5.96,"182,852,000"
1213,"Dec 24, 2019",5.95,5.98,5.92,5.97,5.94,"138,864,000"
1214,"Dec 23, 2019",6.01,6.05,5.96,5.97,5.95,"355,060,000"
1215,"Dec 20, 2019",5.95,6.01,5.93,5.98,5.96,"603,044,000"
1216,"Dec 19, 2019",5.77,5.90,5.77,5.89,5.86,"445,360,000"
1217,"Dec 18, 2019",5.74,5.80,5.73,5.74,5.71,"343,548,000"
1218,"Dec 17, 2019",5.65,5.73,5.64,5.71,5.68,"321,196,000"
1219,"Dec 16, 2019",5.65,5.70,5.62,5.63,5.61,"320,976,000"
1220,"Dec 13, 2019",5.60,5.72,5.55,5.60,5.58,"454,704,000"
1221,"Dec 12, 2019",5.40,5.62,5.40,5.60,5.58,"404,348,000"
1222,"Dec 11, 2019",5.36,5.44,5.36,5.43,5.41,"233,796,000"
1223,"Dec 10, 2019",5.33,5.40,5.28,5.35,5.33,"256,388,000"
1224,"Dec 9, 2019",5.28,5.36,5.27,5.30,5.28,"211,880,000"
1225,"Dec 6, 2019",5.29,5.34,5.28,5.30,5.28,"232,236,000"
1226,"Dec 5, 2019",5.26,5.27,5.19,5.22,5.20,"184,884,000"
1227,"Dec 4, 2019",5.28,5.30,5.21,5.24,5.21,"273,424,000"
1228,"Dec 3, 2019",5.05,5.20,5.01,5.19,5.17,"465,232,000"
1229,"Dec 2, 2019",5.41,5.43,5.22,5.23,5.21,"372,036,000"
1230,"Nov 29, 2019",5.43,5.45,5.39,5.42,5.40,"141,556,000"
1231,"Nov 27, 2019",0.00 Dividend,,,,,
1232,"Nov 27, 2019",5.47,5.50,5.43,5.46,5.43,"215,784,000"
1233,"Nov 26, 2019",5.51,5.52,5.42,5.43,5.40,"385,244,000"
1234,"Nov 25, 2019",5.40,5.54,5.39,5.53,5.50,"506,476,000"
1235,"Nov 22, 2019",5.28,5.32,5.25,5.27,5.25,"224,100,000"
1236,"Nov 21, 2019",5.28,5.33,5.23,5.25,5.23,"288,388,000"
1237,"Nov 20, 2019",5.18,5.36,5.16,5.28,5.25,"472,588,000"
1238,"Nov 19, 2019",5.28,5.30,5.14,5.20,5.17,"414,564,000"
1239,"Nov 18, 2019",5.10,5.33,5.09,5.31,5.28,"574,588,000"
1240,"Nov 15, 2019",5.24,5.29,5.02,5.10,5.08,"1,053,628,000"
1241,"Nov 14, 2019",5.22,5.25,5.16,5.24,5.22,"518,080,000"
1242,"Nov 13, 2019",5.21,5.24,5.15,5.21,5.19,"300,188,000"
1243,"Nov 12, 2019",5.24,5.30,5.21,5.24,5.21,"283,504,000"
1244,"Nov 11, 2019",5.19,5.23,5.11,5.20,5.18,"243,436,000"
1245,"Nov 8, 2019",5.19,5.23,5.15,5.19,5.17,"189,100,000"
1246,"Nov 7, 2019",5.28,5.29,5.16,5.21,5.18,"280,340,000"
1247,"Nov 6, 2019",5.22,5.24,5.10,5.19,5.17,"269,012,000"
1248,"Nov 5, 2019",5.26,5.29,5.19,5.24,5.21,"300,868,000"
1249,"Nov 4, 2019",5.15,5.28,5.12,5.26,5.24,"376,716,000"
1250,"Nov 1, 2019",4.99,5.10,4.96,5.06,5.04,"283,640,000"
1251,"Oct 31, 2019",5.05,5.07,4.95,5.03,5.00,"209,732,000"
1252,"Oct 30, 2019",5.10,5.11,5.01,5.07,5.05,"205,960,000"
1253,"Oct 29, 2019",5.16,5.16,5.05,5.07,5.05,"211,236,000"
1254,"Oct 28, 2019",5.16,5.22,5.13,5.17,5.14,"330,792,000"
1255,"Oct 25, 2019",5.00,5.13,4.99,5.11,5.09,"423,092,000"
1256,"Oct 24, 2019",4.92,4.96,4.88,4.92,4.90,"232,020,000"
1257,"Oct 23, 2019",4.81,4.89,4.78,4.88,4.85,"279,916,000"
1258,"Oct 22, 2019",4.96,5.06,4.88,4.89,4.87,"328,720,000"
1259,"Oct 21, 2019",4.82,4.91,4.80,4.90,4.88,"261,868,000"
1260,"Oct 18, 2019",4.86,4.89,4.69,4.76,4.74,"307,440,000"
1261,"Oct 17, 2019",4.90,4.95,4.80,4.86,4.83,"263,436,000"
1262,"Oct 16, 2019",4.88,4.98,4.84,4.86,4.83,"428,944,000"
1263,"Oct 15, 2019",4.75,4.98,4.74,4.91,4.89,"664,124,000"
1264,"Oct 14, 2019",4.64,4.68,4.61,4.66,4.64,"200,040,000"
1265,"Oct 11, 2019",4.66,4.73,4.64,4.65,4.63,"446,404,000"
1266,"Oct 10, 2019",4.52,4.63,4.51,4.58,4.55,"309,124,000"
1267,"Oct 9, 2019",4.51,4.57,4.48,4.52,4.50,"292,412,000"
1268,"Oct 8, 2019",4.52,4.52,4.41,4.43,4.41,"444,436,000"
1269,"Oct 7, 2019",4.61,4.71,4.61,4.61,4.59,"480,984,000"
1270,"Oct 4, 2019",4.53,4.58,4.47,4.55,4.53,"265,524,000"
1271,"Oct 3, 2019",4.33,4.54,4.30,4.53,4.51,"450,588,000"
1272,"Oct 2, 2019",4.33,4.34,4.25,4.33,4.31,"293,372,000"
1273,"Oct 1, 2019",4.38,4.53,4.35,4.35,4.33,"366,008,000"
1274,"Sep 30, 2019",4.32,4.36,4.29,4.35,4.33,"186,184,000"
1275,"Sep 27, 2019",4.39,4.44,4.23,4.29,4.27,"362,056,000"
1276,"Sep 26, 2019",4.45,4.45,4.38,4.43,4.41,"234,564,000"
1277,"Sep 25, 2019",4.31,4.48,4.27,4.46,4.43,"308,432,000"
1278,"Sep 24, 2019",4.40,4.43,4.28,4.31,4.29,"317,268,000"
1279,"Sep 23, 2019",4.32,4.42,4.31,4.37,4.35,"249,712,000"
